20180801,1,47,0.3818
20180802,4,12,0.06068
20180806,3,10,-0.03997
20180807,3,17,-0.1684
20180808,6,7,0.13033
20180809,2,25,-0.148
20180810,3,13,-0.6002
20180811,1,5,-0.4767
20180812,1,2,0
20180813,4,13,0.4309
20180814,5,8,0.1252
20180815,5,12,0.0649
20180816,35,2,-0.01154
20180817,23,3,0.12369
20180818,1,1,0
20180820,28,2,-0.02309
20180821,6,9,-0.0249
20180822,11,8,-0.05445
20180823,21,3,0.03521
20180824,13,8,0.02553
20180827,13,6,-0.016
20180828,6,15,0.00747
20180829,10,10,0.07403
20180830,6,17,0.02267
20180831,4,19,0.21685
20180904,6,16,0.26625
20180905,7,21,0.2906
20180906,3,27,0.14613
20180907,1,53,0.7845
20180910,3,24,-0.26793
20180911,3,27,-0.09107
20180912,13,10,-0.02605
20180913,7,20,-0.0281
20180914,3,30,0.22013
20180917,2,33,-0.10115
20180918,2,39,0.10805
20180919,10,13,0.03907
20180920,13,13,0.151
20180921,7,19,0.09323
20180922,2,5,0.0276
20180924,15,14,0.00998
20180925,6,23,0.21585
20180926,10,16,-0.08955
20180927,5,22,0.11122
20180928,25,7,0.04334
20180930,2,13,0.3062
20181001,32,8,0.14812
20181002,17,16,0.06552
20181003,18,10,0.19466
20181004,21,12,-0.03819
20181005,8,14,-0.06934
20181006,2,13,-0.3404
20181008,9,14,0.03003
20181009,6,18,-0.167
20181010,27,10,-0.02855
20181011,14,14,-0.01131
20181012,11,17,0.16502
20181013,3,19,0.4836
20181015,12,13,-0.0088
20181016,19,12,0.19249
20181017,4,25,0.2333
20181018,9,17,0.12829
20181019,27,7,0.02471
20181020,1,9,0.1539
20181021,1,4,0.4995
20181022,3,27,-0.19947
20181023,27,9,-0.13505
20181024,125,3,0.07614
20181025,70,5,0.00433
20181026,18,12,0.05358
20181028,1,9,0.722
20181029,18,13,-0.11337
20181030,30,8,0.02916
20181031,23,9,-0.07639
20181101,9,12,-0.03014
20181102,16,12,-0.15043
20181103,1,20,0.9846
20181105,4,20,0.22875
20181106,1,49,-0.0258
20181107,15,16,-0.06766
20181108,13,10,-0.24097
20181109,18,8,-0.05567
20181110,2,10,0.30065
20181111,4,2,-0.1372
20181112,24,7,0.03867
20181113,20,8,0.02431
20181114,25,6,-0.1986
20181115,63,2,0.07638
20181116,58,3,0.12004
20181117,8,2,0.05169
20181119,80,2,0.00168
20181120,123,1,0.00622
20181121,63,2,-0.01804
20181122,1,11,-0.8553
20181123,30,3,-0.062
20181124,4,5,0.1749
20181126,25,7,-0.18371
20181127,12,10,0.02789
20181128,7,20,-0.24314
20181129,4,24,0.1273
20181130,11,12,0.21657
20181201,8,7,0.17784
20181202,6,8,-0.26988
20181203,28,8,0.16699
20181204,11,17,-0.01135
20181205,2,19,0.25355
20181206,12,14,0.11811
20181207,28,9,0.12855
20181209,1,22,0.4576
20181210,8,17,-0.17544
20181211,18,9,0.06646
20181212,17,6,0.02713
20181213,3,29,-0.25997
20181214,11,14,0.04954
20181215,4,6,-0.13558
20181217,12,13,0.03363
20181218,16,12,0.02009
20181219,25,10,0.00446
20181220,15,17,-0.06363
20181221,19,13,0.03544
20181222,2,21,0.526
20181223,2,11,0.4311
20181224,16,11,0.02225
20181225,3,8,0.6169
20181226,8,17,-0.09365
20181227,9,15,0.30613
20181228,9,18,0.30359
20181229,3,7,0.2696
20181230,2,9,-0.4263
20190102,1,52,0
20190103,6,18,0.1012
20190104,8,20,0.16568
20190106,3,5,0.46693
20190107,17,10,0.13088
20190108,24,7,0.1119
20190109,8,18,0.19165
20190110,13,11,0.11383
20190111,25,6,0.08738
20190114,19,12,0.12057
20190115,18,10,0.07658
20190116,19,10,0.02677
20190117,10,19,0.21247
20190118,35,7,0.15075
20190120,1,16,0.8758
20190121,3,6,0.00827
20190122,15,10,-0.11241
20190123,14,12,0.27724
20190124,46,6,0.16717
20190125,52,5,-0.00372
20190126,3,13,0.05867
20190128,91,1,-0.05549
20190129,51,5,-0.07335
20190130,39,7,0.00661
20190131,20,12,-0.03349
20190201,17,12,0.02466
20190202,3,13,-0.1253
20190204,17,12,0.11709
20190205,9,23,0.17328
20190206,13,15,0.20048
20190207,12,14,0.15153
20190208,11,16,0.14305
20190209,4,5,-0.00373
20190210,2,8,0.125
20190211,8,15,-0.10714
20190212,20,4,0.09482
20190213,41,2,0.1166
20190214,89,2,0.1397
20190215,38,4,0.08982
20190216,1,19,0.6719
20190218,1,35,-0.296
20190219,5,22,-0.12904
20190220,4,32,0.274
20190221,9,17,0.05434
20190222,4,39,0.36908
20190223,2,20,0.5304
20190225,5,32,-0.27174
20190226,6,27,-0.18858
20190227,5,29,0.17242
20190228,4,34,-0.25448
20190301,1,81,-0.25
20190305,2,57,-0.3247
20190306,1,81,0
20190307,11,17,-0.06258
20190308,10,14,0.15643
20190309,4,5,0.28688
20190311,31,3,-0.03023
20190312,11,14,0.15965
20190313,24,7,0.05598
20190314,9,20,0.44051
20190315,17,12,0.14391
20190316,1,34,0
20190319,30,8,0.08029
20190320,15,11,0.06477
20190321,25,10,0.09852
20190322,15,18,0.12982
20190324,2,11,0.58485
20190325,5,23,-0.06656
20190326,7,21,0.30239
20190327,6,20,0.0614
20190328,1,83,-0.4926
20190329,3,51,-0.3427
20190330,1,21,0.9933
20190331,1,22,-0.9227
20190401,10,16,0.29009
20190402,9,16,0.36249
20190403,14,13,0.25316
20190404,10,21,0.17946
20190405,6,28,0.3298
20190406,3,8,-0.24287
20190408,6,27,0.26717
20190409,3,36,-0.05687
20190410,15,13,0.02131
20190411,10,20,0.0205
20190412,15,19,0.00869
20190413,2,31,0
20190414,1,25,-0.6901
20190415,20,12,-0.00749
20190416,10,27,-0.07104
20190417,5,44,-0.06148
20190418,3,55,-0.5499
20190422,3,51,-0.168
20190423,2,68,0.38535
20190424,4,50,0.06548
20190425,19,14,-0.03991
20190426,57,6,-0.01029
20190427,21,3,0.22356
20190428,6,7,-0.11585
20190429,32,7,0.0236
20190430,24,12,0.09472
20190501,24,12,0.01077
20190502,14,18,0.0799
20190503,23,10,0.20443
20190504,5,6,0.39106
20190505,5,9,-0.04498
20190506,26,7,0.02419
20190507,22,16,0.15844
20190508,5,30,0.031
20190509,15,15,0.16669
20190510,19,17,-0.03297
20190511,7,4,0.03334
20190512,5,3,-0.1558
20190513,19,13,0.12854
20190514,17,10,0.31314
20190515,25,8,0.09097
20190516,96,2,0.10458
20190517,49,4,0.06982
20190518,2,20,-0.07995
20190519,3,14,0.2919
20190520,12,13,-0.12417
20190521,1,85,0
20190522,6,23,0.37767
20190523,14,15,-0.13094
20190524,10,14,0.0114
20190525,3,8,0.35137
20190527,3,7,0.55567
20190528,10,16,-0.23495
20190529,14,15,-0.00998
20190530,29,5,-0.02608
20190531,30,6,0.01087
20190601,1,48,0
20190602,3,7,-0.59083
20190603,22,10,0.07514
20190604,32,7,-0.02439
20190605,14,16,0.03051
20190606,14,14,0.09549
20190607,11,19,0.03235
20190608,1,41,0
20190609,3,15,0.59823
20190610,6,25,0.26258
20190611,6,25,0.37117
20190612,8,18,-0.06776
20190613,10,20,0.00093
20190614,4,37,-0.23483
20190617,1,71,-0.3597
20190618,13,15,-0.11935
20190619,8,24,0.04646
20190620,12,18,0.02097
20190621,7,23,-0.11879
20190622,4,8,0.2623
20190624,2,58,-0.1706
20190625,11,20,-0.05762
20190626,17,11,0.1507
20190627,6,22,0.0734
20190628,7,22,-0.01314
20190629,12,4,0.39813
20190630,4,7,0.37703
20190701,54,2,0.23857
20190702,36,4,0.13916
20190703,18,7,-0.10355
20190704,1,13,0.0772
20190705,19,6,0.02531
20190706,3,11,0.1825
20190708,10,14,-0.03132
20190709,3,42,-0.17727
20190710,23,10,-0.00334
20190711,36,6,0.00915
20190712,19,13,0.16957
20190715,13,16,0.18318
20190716,6,30,-0.0307
20190717,9,26,0.06169
20190718,16,16,0.26564
20190719,10,28,-0.10016
20190722,3,44,0.13397
20190723,19,16,0.10071
20190724,23,14,-0.01759
20190725,14,22,0.07229
20190726,6,36,-0.06657
20190727,4,8,0.00478
20190729,7,26,-0.1214
20190730,13,15,-0.08767
20190731,16,17,0.05629
20190801,10,25,0.12911
20190802,15,18,0.02278
20190803,1,41,0.3612
20190805,16,17,-0.12386
20190806,5,40,0.21972
20190807,6,44,0.20847
20190808,6,43,-0.18825
20190809,7,30,-0.24666
20190810,2,24,0
20190811,1,26,0
20190812,8,25,-0.01564
20190813,5,39,0.15924
20190814,14,26,-0.13269
20190815,82,4,0.06116
20190816,32,7,0.20956
20190817,3,14,0.1735
20190818,5,7,-0.37128
20190819,16,12,-0.02826
20190820,5,37,0.32662
20190821,5,40,0.55232
20190822,2,68,0.0962
20190823,9,41,0.09474
20190824,2,38,0.114
20190826,2,63,-0.4221
20190827,10,27,-0.18726
20190828,1,122,0
20190829,3,72,0.8016
20190830,2,80,0
20190903,1,105,0.765
20190904,3,57,0.06193
20190905,13,24,0.20265
20190906,4,52,-0.0661
20190908,1,19,0.3695
20190909,3,67,0.199
20190910,11,27,0.0965
20190911,3,57,-0.1993
20190912,2,69,-0.24695
20190913,5,42,0.15244
20190917,3,52,0
20190918,7,38,0.07626
20190919,5,39,0.04866
20190920,3,61,0.04077
20190921,1,50,0.5994
20190922,1,26,0
20190923,2,61,0.0129
20190924,2,84,-0.3456
20190925,7,29,0.1515
20190926,8,25,0.00191
20190927,7,29,0.01313
20190930,1,86,0.7351
20191001,7,35,-0.16147
20191002,1,106,0
20191003,16,12,-0.05659
20191004,5,33,-0.13282
20191006,3,9,0.48557
20191007,16,9,0.08268
20191008,9,16,0.08931
20191009,2,55,-0.4479
20191010,5,35,-0.1094
20191011,3,62,-0.19087
20191014,4,32,-0.13592
20191015,33,6,-0.13029
20191016,3,47,-0.23073
20191017,12,16,-0.11879
20191018,5,43,0.15294
20191021,4,39,0.21265
20191022,8,35,0.0021
20191024,6,33,-0.01432
20191025,7,28,-0.05741
20191026,1,41,0
20191028,13,18,-0.11812
20191029,5,39,0.23608
20191030,5,38,0.22902
20191101,6,29,0.16893
20191102,2,17,0
20191103,1,30,0.3612
20191105,4,39,0.09128
20191106,6,26,-0.13525
20191107,4,42,0.09505
20191108,11,16,0.04269
20191110,2,6,0.2553
20191111,7,20,-0.08254
20191112,6,25,-0.19513
20191113,20,11,0.09243
20191114,76,5,-0.0009
20191115,57,8,-0.01954
20191116,5,11,0.25036
20191117,1,36,-0.4215
20191118,17,14,0.05673
20191119,7,27,-0.0448
20191120,21,11,-0.12347
20191121,4,34,0.14745
20191122,7,18,0.14356
20191125,22,7,-0.01237
20191126,9,23,0.0056
20191127,2,60,0.0296
20191202,3,45,0.1152
20191203,10,18,0.06532
20191204,2,62,0.06815
20191205,4,40,-0.14095
20191206,7,30,0.28597
20191210,1,80,-0.1027
20191211,3,46,-0.4334
20191212,4,38,0.04183
20191213,6,34,-0.06777
20191214,1,33,-0.9156
20191216,3,37,-0.29993
20191217,4,28,-0.24545
20191218,7,21,0.12483
20191219,8,15,0.14184
20191220,4,33,-0.10048
20191221,1,40,-0.3496
20191223,6,16,0.0579
20191224,4,19,-0.05758
20191226,2,47,0.4531
20191227,15,11,0.0527
20191230,4,21,-0.10573
20191231,1,71,0.4767
20200101,1,16,0.4019
20200102,3,52,0.1204
20200103,5,37,-0.14694
20200104,1,61,0.8525
20200105,2,23,0.24695
20200106,9,21,0.09284
20200107,11,17,0.061
20200108,3,55,-0.18077
20200109,10,18,-0.03094
20200110,8,27,0.23679
20200113,22,15,-0.08192
20200114,6,40,0.09908
20200115,8,34,-0.17104
20200116,5,44,-0.26596
20200117,12,23,-0.24913
20200118,1,59,0
20200121,1,124,0
20200122,4,44,-0.02165
20200123,3,62,0.24503
20200124,3,87,0.1589
20200125,1,73,-0.8484
20200127,5,59,-0.29286
20200128,10,25,0.20913
20200129,6,40,0.17478
20200130,5,50,0.07252
20200131,16,27,-0.03091
20200202,3,29,0.25533
20200203,7,38,0.17663
20200204,10,46,0.14292
20200205,16,33,-0.03017
20200206,8,35,0.05455
20200207,12,37,0.14065
20200208,10,11,0.37778
20200209,6,13,-0.00795
20200210,36,12,0.09134
20200211,48,12,0.01401
20200212,45,11,0.15085
20200213,115,6,-0.0001
20200214,88,7,0.10867
20200215,9,9,0.02979
20200216,1,48,0.8555
20200217,1,78,0
20200218,55,11,-0.04459
20200219,179,5,0.08649
20200220,113,9,0.02475
20200221,80,9,-0.11377
20200222,7,16,0.17303
20200223,26,11,-0.09918
20200224,42,22,0.01411
20200225,55,19,0.00108
20200226,45,25,0.07409
20200227,26,52,0.10873
20200228,73,19,0.11183
20200229,9,37,0.20762
20200301,14,34,0.10774
20200302,6,48,0.1584
20200303,3,80,0.15293
20200304,3,78,0.00697
20200305,6,71,-0.02432
20200306,1,126,-0.4162
20200307,3,95,-0.09573
20200308,9,69,0.40272
20200309,7,79,0.21381
20200310,2,146,0.37545
20200311,3,135,0.64593
20200312,10,67,-0.03109
20200313,7,147,-0.09289
20200314,5,86,0.15694
20200315,4,139,0.35645
20200316,16,104,0.06534
20200317,21,76,0.36779
20200318,22,76,0.19437
20200319,8,150,0.36076
20200320,18,71,0.1869
20200321,2,159,0.54055
20200322,1,276,0
20200323,8,141,0.0696
20200324,40,33,0.03772
20200325,20,67,0.0032
20200326,9,102,-0.02874
20200327,10,82,0.03093
20200328,3,84,0.07737
20200329,3,105,0.4375
20200330,13,57,0.04041
20200331,7,93,0.08319
20200401,6,60,-0.02578
20200402,7,42,0.31633
20200403,2,59,0.10115
20200404,2,40,0.3291
20200405,7,39,0.08313
20200406,3,80,0.29447
20200407,16,52,0.05343
20200408,6,92,0.21423
20200409,16,65,0.07456
20200410,1,175,0.4215
20200411,1,149,0.8995
20200412,10,40,0.00859
20200413,14,71,0.27288
20200414,37,29,0.08549
20200415,28,40,0.30845
20200416,84,22,0.12217
20200417,69,20,0.0193
20200418,32,13,0.26423
20200419,10,53,0.12711
20200420,48,28,0.02346
20200421,44,36,0.01933
20200422,24,48,0.0024
20200423,33,37,-0.14157
20200424,18,55,0.09792
20200425,3,101,-0.04677
20200426,5,81,-0.09878
20200427,36,37,0.1035
20200428,22,62,0.16475
20200429,15,87,0.20639
20200430,15,73,0.04275
20200501,19,43,-0.05084
20200502,7,47,0.23989
20200503,8,69,0.15078
20200504,10,92,0.13696
20200505,10,101,0.1551
20200506,27,51,0.05456
20200507,39,43,0.02675
20200508,66,23,0.13589
20200509,38,6,0.09059
20200510,7,78,-0.0523
20200511,142,13,0.07548
20200512,86,25,0.0448
20200513,80,19,0.06981
20200514,70,22,0.12562
20200515,219,4,0.02472
20200516,62,2,0.05646
20200517,75,4,0.04603
20200518,194,9,-0.00859
20200519,207,9,0.03851
20200520,168,7,0.09283
20200521,443,4,0.03202
20200522,132,6,0.01375
20200523,14,24,0.24036
20200524,4,87,0.42418
20200525,21,28,0.19827
20200526,77,24,-0.06965
20200527,115,15,-0.00613
20200528,52,30,0.07493
20200529,29,39,-0.07866
20200530,7,52,0.09629
20200531,8,61,0.11489
20200601,21,62,0.1358
20200602,19,65,0.10202
20200603,23,73,0.146
20200604,12,113,0.07511
20200605,15,107,0.10527
20200606,3,141,-0.13637
20200607,9,98,0.1611
20200608,25,96,0.09252
20200609,26,83,0.03525
20200610,42,57,0.07554
20200611,31,69,0.08012
20200612,11,101,-0.13196
20200613,5,87,0.23
20200614,4,127,-0.51163
20200615,14,97,0.28348
20200616,38,42,-0.0078
20200617,15,87,0.11808
20200618,24,56,0.08734
20200619,21,59,-0.03198
20200620,7,61,0.06003
20200621,5,94,0.21916
20200622,43,33,0.04716
20200623,64,26,-0.0274
20200624,34,49,0.06028
20200625,39,44,0.17859
20200626,25,58,0.0587
20200627,3,117,0.1405
20200628,13,47,-0.05333
20200629,33,38,0.04507
20200630,22,46,0.23511
20200701,22,58,0.18849
20200702,31,29,0.22635
20200703,6,57,0.21647
20200704,3,79,0.4978
20200705,10,50,0.17125
20200706,42,31,0.0608
20200707,41,26,0.1193
20200708,40,31,0.00386
20200709,110,18,0.05796
20200710,83,21,0.05357
20200711,6,75,0.47903
20200712,48,16,0.06365
20200713,62,35,0.02413
20200714,38,41,0.11819
20200715,47,38,0.14503
20200716,35,41,-0.0204
20200717,33,29,0.11887
20200718,6,58,0.00587
20200719,4,99,0.22128
20200720,34,42,0.02746
20200721,29,50,-0.05526
20200722,45,24,-0.03896
20200723,42,29,-0.07041
20200724,83,16,0.02046
20200725,14,21,0.14599
20200726,14,34,0.01419
20200727,38,30,0.01815
20200728,43,34,0.13826
20200729,35,36,0.07734
20200730,83,26,0.0401
20200731,127,14,0.12706
20200801,36,9,0.03908
20200802,28,20,0.09018
20200803,25,29,0.09191
20200804,87,27,0.07477
20200805,92,25,0.07279
20200806,41,40,0.10701
20200807,60,23,-0.00581
20200808,7,58,0.09337
20200809,6,78,0.14038
20200810,71,26,0.08042
20200811,46,33,-0.0264
20200812,69,16,0.06015
20200813,85,16,0.03281
20200814,93,11,0.05027
20200815,33,8,0.13224
20200816,71,6,0.03451
20200817,360,4,0.0567
20200818,319,4,0.03695
20200819,777,1,0.04075
20200820,246,5,0.02753
20200821,338,4,0.09085
20200822,39,8,0.17807
20200823,92,5,0.10047
20200824,201,7,0.10126
20200825,124,14,0.06755
20200826,173,14,0.0181
20200827,138,15,0.04146
20200828,307,6,0.08692
20200829,92,6,0.16992
20200830,100,7,0.1201
20200831,134,7,0.10374
20200901,794,5,0.05298
20200902,697,5,0.06842
20200903,516,7,0.01131
20200904,281,7,0.05388
20200905,63,4,0.05474
20200906,35,6,-0.01908
20200907,68,6,0.07023
20200908,210,10,0.02551
20200909,122,13,0.10966
20200910,104,15,0.02876
20200911,80,14,-0.05889
20200912,70,5,0.04458
20200913,174,3,0.06986
20200914,228,7,0.01871
20200915,125,12,0.06967
20200916,114,16,-0.00001
20200917,55,14,0.11425
20200918,76,16,-0.01506
20200919,7,35,0.33191
20200920,13,23,0.25235
20200921,12,23,0.08153
20200922,22,25,0.02809
20200923,61,20,0.04027
20200924,40,19,0.09231
20200925,38,19,-0.01103
20200926,13,13,0.21147
20200927,18,16,-0.10546
20200928,45,26,0.06333
20200929,60,21,-0.01867
20200930,65,22,0.03894
20201001,52,19,-0.00901
20201002,44,27,0.03094
20201003,6,39,0.10797
20201004,15,23,0.04407
20201005,39,27,0.09097
20201006,75,16,0.09963
20201007,38,30,0.09067
20201008,107,11,0.03117
20201009,42,23,-0.13455
20201010,14,12,0.30561
20201011,11,24,0.19269
20201012,34,32,0.00308
20201013,52,22,0.06491
20201014,35,30,0.01873
20201015,19,53,0.08026
20201016,31,33,0.01486
20201017,3,78,0.15733
20201018,2,122,-0.7133
20201019,7,45,0.112
20201020,10,79,0.3015
20201021,18,57,-0.08258
20201022,22,51,0.14798
20201023,11,63,0.03609
20201025,4,69,0.12908
20201026,13,61,-0.05797
20201027,26,32,-0.14673
20201028,23,46,0.06216
20201029,8,92,0.04313
20201030,19,43,0.15139
20201031,3,70,0.6436
20201101,7,56,0.08794
20201102,26,30,-0.00249
20201103,10,74,0.04075
20201104,12,46,0.44598
20201105,9,57,0.27239
20201106,35,16,0.09071
20201107,6,45,0.25915
20201108,40,14,0.11428
20201109,80,29,-0.04926
20201110,96,20,0.03131
20201111,37,31,0.02817
20201112,40,27,0.18428
20201113,50,24,0.11327
20201114,11,26,0.08207
20201115,17,28,0.03956
20201116,73,18,0.07589
20201117,61,24,0.05066
20201118,235,8,0.03534
20201119,83,18,0.00614
20201120,90,17,0.06266
20201121,23,13,-0.06763
20201122,25,20,0.11185
20201123,59,33,0.10676
20201124,81,22,-0.07703
20201125,41,33,0.03781
20201126,14,38,-0.00669
20201127,39,30,-0.01968
20201128,19,18,0.00256
20201129,20,29,0.15167
20201130,54,31,0.07183
20201201,55,34,0.10531
20201202,36,46,0.07367
20201203,12,61,-0.22242
20201204,22,66,0.18829
20201205,9,47,-0.07936
20201206,23,27,0.04539
20201207,35,51,0.05376
20201208,36,48,-0.02287
20201209,68,37,0.01444
20201210,40,45,-0.06325
20201211,45,37,-0.02704
20201212,14,26,0.12611
20201213,11,56,0.04436
20201214,21,71,0.04246
20201215,29,59,0.10769
20201216,30,59,0.02078
20201217,28,70,0.19447
20201218,27,62,0.06951
20201219,5,75,0.3767
20201220,16,43,0.11815
20201221,28,76,0.0764
20201222,23,76,0.09609
20201223,31,54,-0.1581
20201224,35,30,0.10791
20201225,4,59,-0.3854
20201226,9,35,-0.25179
20201227,10,58,-0.0532
20201228,45,48,0.01364
20201229,29,50,0.01255
20201230,23,58,0.18427
20201231,19,51,0.18064
20210101,4,77,-0.01205
20210102,4,67,-0.11708
20210103,7,65,0.33169
20210104,73,21,0.04678
20210105,30,56,0.19204
20210106,124,20,-0.01364
20210107,65,29,0.17463
20210108,41,37,0.01392
20210109,67,8,0.11293
20210110,29,28,0.02733
20210111,100,20,0.03951
20210112,58,36,0.0107
20210113,25,68,0.17978
20210114,49,51,0.03279
20210115,41,39,0.0701
20210116,19,17,0.21831
20210117,13,31,0.21848
20210118,9,69,0.13802
20210119,27,56,0.11825
20210120,26,63,-0.0928
20210121,48,36,0.03915
20210122,21,64,0.00015
20210123,8,68,0.30009
20210124,3,67,0.0129
20210125,10,100,-0.03856
20210126,9,130,0.13248
20210127,16,150,0.28908
20210128,5,262,0.09728
20210129,3,255,0.0342
20210130,4,90,0.31943
20210131,20,59,0.07714
20210201,21,97,0.07975
20210202,17,119,0.35373
20210203,13,133,0.20106
20210204,11,45,-0.02709
20210205,14,62,0.17006
20210206,1,129,0.6249
20210207,3,76,0.3667
20210208,89,22,0.05092
20210209,26,67,0.14746
20210210,71,23,0.10127
20210211,101,24,0.04307
20210212,94,21,0.04914
20210213,23,15,0.16593
20210214,23,13,0.11283
20210215,23,26,0.00127
20210216,39,45,0.0873
20210217,19,72,0.27526
20210218,18,68,0.00551
20210219,52,32,0.30784
20210220,11,38,0.19511
20210221,29,20,0.09432
20210222,49,34,0.00276
20210223,48,38,0.03779
20210224,119,16,-0.05974
20210225,91,20,0.11361
20210226,40,34,-0.02272
20210227,29,14,0.18127
20210228,30,18,0.12205
20210301,80,20,-0.02831
20210302,33,44,-0.11887
20210303,94,22,0.05648
20210304,91,19,-0.04802
20210305,53,25,0.1094
20210306,11,36,0.17303
20210307,35,18,0.35157
20210308,111,17,-0.05178
20210309,61,21,0.14495
20210310,20,47,0.08271
20210311,24,48,0.27787
20210312,17,58,0.11961
20210313,12,28,0.23365
20210314,2,135,0.22595
20210315,24,43,0.18317
20210316,33,34,0.14396
20210317,11,83,0.25798
20210318,5,156,-0.20058
20210319,17,43,-0.10797
20210320,6,39,0.08212
20210321,6,61,0.351
20210322,20,43,-0.00574
20210323,22,44,0.0024
20210324,18,60,0.12458
20210325,20,46,-0.04886
20210326,17,53,-0.06283
20210328,4,84,0.168
20210329,7,112,0.1722
20210330,6,130,0.07018
20210331,14,65,0.27604
20210401,15,48,0.37265
20210402,1,134,0.6326
20210403,2,66,-0.3996
20210404,1,167,-0.9383
20210405,16,57,0.16139
20210406,15,57,-0.07546
20210407,28,40,0.00047
20210408,21,45,0.08358
20210409,8,69,0.13739
20210410,2,78,0.31245
20210411,3,73,-0.20077
20210412,278,6,0.01393
20210413,103,12,0.11266
20210414,28,33,0.09197
20210415,125,13,0.11178
20210416,15,45,0.09507
20210417,4,52,0.05108
20210418,7,45,-0.08637
20210419,40,20,0.15417
20210420,17,40,0.04019
20210421,11,60,0.12038
20210422,18,42,0.07579
20210423,17,37,0.04875
20210424,5,44,0.35762
20210425,1,156,0.0018
20210426,8,86,-0.01724
20210427,14,67,0.09014
20210428,15,57,0.12137
20210429,15,54,0.05955
20210430,10,56,-0.30289
20210501,3,60,0.29357
20210502,4,67,0.19323
20210503,19,46,-0.21662
20210504,39,29,0.04066
20210505,30,47,0.19193
20210506,25,61,-0.03869
20210507,17,56,0.15077
20210509,3,96,-0.01567
20210510,13,88,-0.03421
20210511,15,77,0.15772
20210512,10,91,0.05841
20210513,15,62,-0.12741
20210514,5,104,0.0138
20210515,2,70,0
20210516,11,26,0.25805
20210517,6,103,0.08798
20210518,17,41,0.15209
20210519,15,47,0.20811
20210520,29,28,0.0852
20210521,128,7,0.03571
20210522,16,9,0.20523
20210523,46,7,0.09202
20210524,105,9,0.17187
20210525,89,9,0.09389
20210526,157,10,0.01077
20210527,46,24,-0.04143
20210528,72,20,0.08516
20210529,12,15,0.34937
20210530,3,33,0.16743
20210531,11,21,0.27174
20210601,45,21,0.08745
20210602,48,29,0.11937
20210603,75,20,0.14311
20210604,107,17,0.12862
20210605,18,16,0.14858
20210606,27,17,0.2411
20210607,50,26,0.11145
20210608,14,90,0.06203
20210609,49,38,0.2143
20210610,16,67,0.05278
20210611,60,25,0.17448
20210612,6,40,-0.0145
20210613,38,17,0.14541
20210614,44,34,0.08997
20210615,26,44,0.18403
20210616,29,44,0.15877
20210617,234,12,0.0696
20210618,282,6,0.0728
20210619,23,9,0.239
20210620,66,8,0.08765
20210621,135,11,0.03566
20210622,65,23,0.13404
20210623,62,25,0.12522
20210624,71,23,0.17839
20210625,24,36,0.20188
20210626,4,43,0.14353
20210627,12,36,0.21268
20210628,200,14,0.10694
20210629,99,20,0.13605
20210630,80,21,0.17208
20210701,122,17,0.05602
20210702,95,15,0.17075
20210703,8,19,0.03591
20210704,13,13,0.21108
20210705,23,18,0.05173
20210706,122,12,0.07742
20210707,101,15,0.08883
20210708,96,18,0.00373
20210709,57,20,0.00985
20210710,4,34,-0.15623
20210711,14,15,0.2782
20210712,83,14,0.02821
20210713,42,27,0.09026
20210714,56,20,0.07305
20210715,115,10,-0.03475
20210716,128,6,0.00173
20210717,18,6,-0.12721
20210718,30,5,0.13725
20210719,188,2,0.01503
20210720,243,4,0.07802
20210721,169,6,0.12922
20210722,144,6,0.08728
20210723,66,13,0.0797
20210724,7,20,-0.38221
20210725,19,16,-0.03096
20210726,35,25,0.01882
20210727,26,29,0.01867
20210728,35,26,0.02225
20210729,37,24,0.09508
20210730,18,34,0.09557
20210731,8,19,0.37609
20210801,3,88,0.60807
20210802,41,20,0.05047
20210803,71,13,-0.01158
20210804,49,22,0.12303
20210805,44,23,0.08479
20210806,24,25,0.0923
20210807,4,35,-0.03973
20210809,9,72,-0.17173
20210810,32,24,0.00086
20210811,22,37,-0.02325
20210812,18,50,0.11254
20210813,19,33,0.14052
20210814,4,29,-0.11618
20210815,8,33,0.12561
20210816,29,26,-0.01435
20210817,56,15,-0.00952
20210818,195,5,0.06059
20210819,226,3,0.00055
20210820,155,4,0.06093
20210821,20,5,0.13224
20210822,36,4,0.22479
20210823,300,3,0.09056
20210824,111,7,-0.01633
20210825,111,8,0.12544
20210826,41,13,0.1162
20210827,65,11,0.08658
20210828,6,15,0.19352
20210829,22,5,0.19917
20210830,68,14,0.00779
20210831,39,23,-0.00697
20210901,23,33,0.08187
20210902,19,37,-0.18983
20210903,38,14,0.05922
20210904,2,61,0.04115
20210905,3,35,0.07543
20210906,9,11,0.05172
20210907,19,31,-0.02765
20210908,52,13,0.01428
20210909,31,24,-0.15035
20210910,18,30,0.13577
20210911,3,35,-0.18877
20210912,4,44,0.07053
20210913,31,19,-0.11658
20210914,12,40,-0.04984
20210915,11,50,0.16195
20210916,9,68,-0.23053
20210917,14,38,0.03061
20210918,2,48,-0.0703
20210919,4,53,0.03947
20210920,26,27,0.13035
20210921,18,40,0.18294
20210922,14,48,0.01201
20210923,26,31,0.08541
20210924,16,29,0.23201
20210925,4,35,0.60298
20210926,4,54,0.26655
20210927,21,28,-0.17792
20210928,42,14,-0.11806
20210929,15,38,0.04737
20210930,21,23,0.01769
20211001,24,17,-0.01959
20211002,3,42,0.21443
20211003,1,136,0
20211004,46,12,-0.03734
20211005,24,19,0.10937
20211006,29,18,0.10852
20211007,33,16,0.15701
20211008,10,36,0.35724
20211009,2,44,0.58695
20211010,3,59,0.0564
20211011,17,24,-0.00773
20211012,8,64,0.09691
20211013,14,29,0.07896
20211014,32,22,-0.00073
20211015,10,47,0.1049
20211017,6,30,0.20645
20211018,11,50,0.03819
20211019,12,47,0.16576
20211020,9,54,0.43678
20211021,18,40,0.13995
20211022,37,18,0.20622
20211023,3,41,0.3237
20211024,2,80,0
20211025,49,16,0.11141
20211026,194,7,0.07472
20211027,34,24,-0.12764
20211028,40,20,0.04193
20211029,57,11,0.02337
20211030,9,12,-0.01101
20211031,24,5,0.10393
20211101,51,14,0.01448
20211102,76,12,0.00559
20211103,53,17,-0.01253
20211104,1009,1,0.04793
20211105,407,2,0.04946
20211106,30,5,0.02703
20211107,42,7,0.04635
20211108,212,6,0.08057
20211109,332,4,0.08593
20211110,201,8,-0.02822
20211111,132,6,0.12341
20211112,169,4,0.02941
20211113,30,3,0.06739
20211114,81,3,0.13422
20211115,215,3,0.01538
20211116,203,5,0.04348
20211117,734,1,0.03865
20211118,453,1,0.0676
20211119,196,4,0.0659
20211120,30,5,0.05311
20211121,65,4,0.11016
20211122,260,5,-0.01888
20211123,158,6,0.06551
20211124,104,3,0.10682
20211125,32,4,-0.08986
20211126,90,4,0.0834
20211127,5,27,0.29546
20211128,28,6,0.01136
20211129,168,3,0.0718
20211130,137,5,0.07948
20211201,123,9,0.03774
20211202,139,6,0.04289
20211203,115,6,-0.04453
20211204,15,11,-0.08319
20211205,38,7,0.04476
20211206,200,3,0.00203
20211207,160,5,0.08752
20211208,74,7,0.02986
20211209,113,7,-0.01048
20211210,124,5,-0.04426
20211211,20,5,0.15322
20211212,40,4,-0.01693
20211213,286,4,-0.00838
20211214,152,6,0.02954
20211215,184,3,0.09029
20211216,267,3,0.04795
20211217,113,5,0.03295
20211218,16,8,0.03624
20211219,26,7,0.05505
20211220,101,5,0.0841
20211221,112,4,0.02971
20211222,105,4,0.06365
20211223,104,3,0.09439
20211224,12,4,-0.26222
20211225,8,7,0.06334
20211226,16,5,0.11786
20211227,74,7,0.10987
20211228,107,3,0.04144
20211229,127,4,-0.01664
20211230,117,5,0.00619
20211231,32,5,-0.0068
20220101,9,7,-0.16864
20220102,19,6,0.04476
20220103,123,4,0.00651
20220104,237,3,-0.00936
20220105,169,4,-0.03237
20220106,85,8,-0.0005
20220107,84,7,-0.0645
20220108,4,34,0.31428
20220109,34,6,-0.03583
20220110,153,6,0.00738
20220111,68,7,0.03186
20220112,55,8,0.02871
20220113,133,8,0.00769
20220114,47,13,-0.05529
20220115,8,17,0.05249
20220116,3,45,0.15423
20220117,25,9,0.18778
20220118,75,11,0.02333
20220119,86,9,0.00056
20220120,130,10,0.01742
20220121,89,14,0.06836
20220122,17,14,-0.02121
20220123,19,14,0.06882
20220124,97,15,-0.00974
20220125,101,7,-0.00387
20220126,57,19,0.09505
20220127,94,10,0.0595
20220128,57,11,0.01227
20220129,3,47,0.07603
20220130,11,28,-0.0333
20220131,61,12,0.12628
20220201,165,8,0.09283
20220202,127,15,0.00341
20220203,84,15,0.05099
20220204,59,12,0.04446
20220205,10,15,0.10061
20220206,24,9,0.10331
20220207,71,9,0.03775
20220208,106,5,0.01975
20220209,173,5,0.06382
20220210,109,8,0.0476
20220211,192,3,-0.00698
20220212,27,4,0.08281
20220213,40,3,-0.03874
20220214,95,3,-0.00712
20220215,290,3,0.05149
20220216,1213,1,0.06094
20220217,319,4,-0.03275
20220218,149,4,-0.02694
20220219,5,28,-0.15676
20220220,9,11,0.08656
20220221,33,7,0.05047
20220222,50,12,0.04966
20220223,73,10,-0.02086
20220224,62,12,0.09857
20220225,77,3,-0.08029
20220226,7,19,-0.21561
20220227,9,22,0.0936
20220228,16,28,0.01034
20220301,51,10,-0.01628
20220302,14,33,-0.02607
20220303,24,21,-0.05422
20220304,14,37,-0.09174
20220306,8,29,-0.08965
20220307,51,9,-0.07332
20220308,14,46,0.18367
20220309,17,28,0.04761
20220310,11,56,-0.08105
20220311,24,17,-0.0921
20220312,3,38,0.3414
20220313,7,25,0.24287
20220314,29,16,-0.04564
20220315,34,14,0.07621
20220316,50,8,-0.01849
20220317,37,8,0.0802
20220318,97,6,0.03464
20220319,9,5,0.16181
20220320,11,11,0.13541
20220321,56,7,0.09375
20220322,112,7,-0.02057
20220323,65,8,0.07171
20220324,256,5,0.02374
20220325,65,7,0.00636
20220326,6,14,0.04675
20220327,9,12,0.03649
20220328,64,10,0.06885
20220329,90,10,0.04769
20220330,62,9,0.02132
20220331,83,6,-0.00936
20220401,64,8,0.00623
20220402,2,37,0.1677
20220403,16,7,0.16266
20220404,41,9,-0.02976
20220405,93,6,0.03729
20220406,125,6,0.00925
20220407,101,8,0.05609
20220408,120,6,-0.05921
20220409,30,2,0.01762
20220410,31,5,0.02173
20220411,160,4,-0.01551
20220412,231,2,-0.0118
20220413,70,8,0.10594
20220414,125,4,0.01734
20220415,17,6,0.01375
20220416,7,5,-0.11049
20220417,23,5,0.11999
20220418,52,7,0.07975
20220419,67,7,0.02179
20220420,61,9,-0.00393
20220421,132,7,0.03873
20220422,133,4,-0.00543
20220423,17,6,0.03454
20220424,16,13,0.1192
20220425,52,10,0.07036
20220426,98,9,-0.0304
20220427,48,18,0.08685
20220428,57,16,0.06721
20220429,27,18,-0.07291
20220430,8,10,0.08804
20220501,5,34,-0.06046
20220502,51,9,0.16142
20220503,43,9,0.17872
20220504,47,12,-0.0202
20220505,38,18,-0.04904
20220506,28,14,0.03553
20220507,3,44,-0.1468
20220508,14,14,0.07205
20220509,58,15,0.00769
20220510,59,14,0.09114
20220511,61,18,0.02055
20220512,95,11,-0.02432
20220513,40,12,-0.04777
20220514,4,30,0.21948
20220515,14,8,0.08119
20220516,20,21,0.14031
20220517,48,10,-0.03282
20220518,55,18,0.12427
20220519,42,18,-0.04536
20220520,82,6,-0.00989
20220521,11,9,0.12386
20220522,40,4,0.03277
20220523,85,8,0.01704
20220524,196,5,0.06972
20220525,925,1,0.00115
20220526,279,5,-0.01234
20220527,57,8,-0.12188
20220528,8,8,-0.06488
20220529,1,72,0
20220530,8,11,-0.19951
20220531,23,11,-0.08027
20220601,19,16,0.02038
20220602,41,11,0.04431
20220603,21,13,-0.03945
20220604,3,20,-0.22323
20220605,4,25,-0.1762
20220606,22,8,-0.07235
20220607,11,28,-0.12477
20220608,13,29,0.14587
20220609,21,19,-0.05251
20220610,31,13,-0.02306
20220611,5,18,-0.1908
20220612,12,12,0.16774
20220613,37,17,0.03207
20220614,31,12,0.07962
20220615,17,22,0.25854
20220616,13,39,-0.1473
20220617,16,19,-0.03372
20220618,17,8,-0.01541
20220619,2,44,0.2678
20220620,3,43,-0.3502
20220621,25,9,0.00682
20220622,25,12,0.05501
20220623,29,10,0.03742
20220624,13,25,0.06056
20220625,2,32,0.2202
20220626,4,28,0.26908
20220627,5,53,0.20552
20220628,33,10,0.12955
20220629,40,8,-0.0293
20220630,43,11,0.04693
20220701,69,5,0.05968
20220702,13,5,-0.06927
20220703,5,12,0.07204
20220704,9,7,-0.0464
20220705,43,6,0.05902
20220706,10,26,-0.01667
20220707,24,12,-0.07392
20220708,11,22,0.07493
20220710,1,90,-0.5187
20220711,16,18,-0.03999
20220712,10,29,0.15017
20220713,8,42,0.1996
20220714,33,13,-0.03715
20220715,19,15,0.21289
20220716,9,6,0.04692
20220717,28,4,0.09975
20220718,68,8,-0.00121
20220719,78,5,0.09458
20220720,58,7,0.0463
20220721,50,9,-0.01355
20220722,21,14,0.00604
20220724,5,25,0.30826
20220725,27,16,-0.05392
20220726,20,23,0.01486
20220727,36,18,0.04449
20220728,50,14,0.08551
20220729,43,12,-0.0323
20220730,6,11,0.13263
20220731,13,8,0.09784
20220801,46,9,-0.01139
20220802,53,12,0.12607
20220803,18,28,-0.04564
20220804,24,22,0.01
20220805,9,42,-0.09102
20220806,1,73,0.3818
20220807,3,44,0.28107
20220808,225,3,-0.07929
20220809,100,8,-0.07665
20220810,42,13,0.11946
20220811,25,21,0.10302
20220812,13,28,-0.08232
20220813,6,13,-0.06487
20220814,4,33,-0.26313
20220815,19,23,-0.14288
20220816,8,62,0.25956
20220817,18,21,-0.16498
20220818,27,17,-0.04055
20220819,27,17,-0.0382
20220820,11,10,-0.09694
20220821,11,11,-0.04405
20220822,47,11,0.01759
20220823,66,7,-0.01639
20220824,455,1,-0.00001
20220825,282,3,-0.03293
20220826,119,3,0.05272
20220827,14,3,0.07204
20220828,9,16,0.16679
20220829,21,12,-0.05916
20220830,22,15,0.08336
20220831,262,2,-0.02281
20220901,384,2,0.02333
20220902,93,2,0.02965
20220903,11,5,0.12049
20220904,3,25,0.16237
20220905,14,10,0.13001
20220906,32,10,0.00041
20220907,20,14,-0.0122
20220908,12,21,0.06104
20220909,11,20,-0.25205
20220910,3,14,-0.28223
20220911,3,33,0.18393
20220912,15,13,-0.04122
20220913,48,9,-0.00656
20220914,46,10,0.07943
20220915,46,9,-0.0261
20220916,59,7,0.10517
20220917,4,20,0.41828
20220918,10,8,-0.09732
20220919,35,8,0.0338
20220920,49,7,-0.13464
20220921,61,6,-0.00187
20220922,55,9,0.02219
20220923,47,9,-0.05699
20220924,2,40,-0.2202
20220925,8,16,0.11764
20220926,33,12,0.03246
20220927,28,11,0.04419
20220928,23,16,0.08177
20220929,27,19,0.03144
20220930,18,17,-0.07037
20221001,3,32,-0.20413
20221002,1,118,0
20221003,10,32,-0.0053
20221004,12,29,0.02951
20221005,7,42,0.22784
20221006,35,7,0.0202
20221007,48,8,0.06319
20221008,8,9,0.08663
20221009,2,52,-0.05135
20221010,49,7,0.03044
20221011,18,22,-0.15006
20221012,19,19,0.06857
20221013,33,13,-0.08633
20221014,33,9,-0.07378
20221015,6,16,-0.31767
20221016,9,8,-0.08088
20221017,6,51,-0.16338
20221018,14,27,0.09926
20221019,10,34,0.0426
20221020,21,17,0.09025
20221021,7,37,-0.00969
20221022,1,56,-0.1779
20221023,4,31,0.07675
20221024,11,32,-0.05116
20221025,11,39,-0.03997
20221026,73,10,-0.02186
20221027,35,20,-0.01508
20221028,17,19,-0.02038
20221029,1,59,0.4588
20221030,5,19,0.0973
20221031,10,31,0.07688
20221101,33,13,0.06459
20221102,38,15,0.03498
20221103,35,18,-0.01167
20221104,30,14,-0.12977
20221105,2,40,-0.1806
20221106,4,24,0.38778
20221107,16,18,0.04535
20221108,31,15,-0.02757
20221109,31,17,0.01887
20221110,49,9,0.00196
20221111,35,10,0.0926
20221112,7,9,0.09483
20221113,18,5,0.13034
20221114,55,6,0.10069
20221115,85,4,0.07443
20221116,746,1,0.01579
20221117,228,2,0.01464
20221118,45,6,-0.0554
20221119,9,5,-0.25032
20221120,2,48,0
20221121,25,11,-0.12289
20221122,59,4,-0.09051
20221123,22,6,0.01053
20221124,5,7,-0.3823
20221125,6,18,-0.39483
20221126,4,9,-0.20575
20221127,6,13,-0.24182
20221128,16,9,0.00467
20221129,8,34,-0.02416
20221130,32,9,0.14146
20221201,54,4,0.05722
20221202,17,14,-0.01185
20221203,2,23,-0.2091
20221204,1,85,0.5093
20221205,34,6,-0.05862
20221206,13,18,0.02288
20221207,20,12,0.00664
20221208,135,4,-0.04048
20221209,65,5,-0.10393
20221210,4,11,-0.02298
20221211,6,11,0.0244
20221212,75,3,-0.08276
20221213,46,4,0.00881
20221214,37,5,-0.07199
20221215,47,6,0.08678
20221216,31,6,0.21567
20221218,4,13,0.18423
20221219,22,6,0.18379
20221220,23,10,-0.02772
20221221,20,7,0.00641
20221222,77,4,0.07624
20221223,19,6,0.00491
20221225,4,6,0.20845
20221226,7,8,0.03961
20221227,68,4,-0.03845
20221228,48,4,0.03617
20221229,22,7,-0.09639
20221230,19,8,-0.02685
20221231,2,25,0.2294
20230101,1,51,-0.1759
20230102,9,8,0.03149
20230103,31,7,-0.02995
20230104,28,11,-0.13272
20230105,19,12,0.14842
20230106,23,10,-0.17896
20230108,1,65,-0.7399
20230109,49,3,-0.01874
20230110,28,8,0.0603
20230111,19,11,-0.00652
20230112,32,8,-0.06944
20230113,38,8,-0.05427
20230114,3,13,-0.16533
20230116,2,50,0.072
20230117,57,4,0.04864
20230118,48,5,-0.02349
20230119,28,7,0.11649
20230120,86,4,-0.10373
20230121,5,13,0.32998
20230122,11,6,0.10302
20230123,148,3,-0.00624
20230124,74,4,-0.00266
20230125,77,4,-0.06525
20230126,126,4,0.00532
20230127,110,4,-0.05428
20230128,7,10,0.23237
20230129,13,5,-0.01315
20230130,44,9,-0.05818
20230131,53,7,0.0407
20230201,84,6,0.06259
20230202,73,11,0.03582
20230203,20,15,-0.04272
20230204,9,8,-0.22519
20230205,9,8,-0.10191
20230206,61,5,-0.02864
20230207,166,3,0.01799
20230208,196,4,-0.00563
20230209,218,3,0.04833
20230210,98,3,-0.00709
20230211,5,13,-0.19558
20230213,14,10,-0.09131
20230214,177,4,-0.02117
20230215,71,7,0.04739
20230216,67,6,-0.00225
20230217,70,6,0.11892
20230218,5,4,-0.02596
20230219,11,4,-0.01422
20230220,24,4,0.03117
20230221,80,4,0.06078
20230222,675,1,0.05047
20230223,615,1,0.04585
20230224,189,2,0.04276
20230225,12,4,-0.24287
20230226,26,3,0.07598
20230227,109,3,0.03775
20230228,322,2,-0.00446
20230301,177,3,0.04004
20230302,178,3,0.04737
20230303,124,3,0.02655
20230304,4,11,-0.4394
20230305,17,5,-0.02908
20230306,102,3,0.01733
20230307,221,2,0.01034
20230308,372,1,0.03296
20230309,327,2,0.02851
20230310,127,4,0.04696
20230311,20,3,-0.00192
20230312,39,3,-0.01033
20230313,101,4,-0.00519
20230314,138,2,0.02156
20230315,177,2,0.03561
20230316,376,1,0.00555
20230317,373,1,0.03128
20230318,11,5,-0.29223
20230319,42,3,0.02686
20230320,204,2,-0.02298
20230321,304,3,0.00021
20230322,590,1,0.05325
20230323,464,1,0.01255
20230324,254,2,0.02548
20230325,21,3,0.06031
20230326,44,2,-0.05069
20230327,132,2,0.00401
20230328,139,3,0.01295
20230329,103,4,0.00508
20230330,163,2,-0.01397
20230331,182,2,0.02835
20230401,27,3,-0.10499
20230402,23,5,0.0812
20230403,203,3,-0.00779
20230404,212,2,0.02034
20230405,262,2,0.07861
20230406,95,4,-0.00932
20230407,11,5,-0.46727
20230408,12,3,-0.05899
20230409,18,2,0.07549
20230410,240,1,-0.00147
20230411,117,2,0.00717
20230412,117,2,0.02371
20230413,136,2,0.02057
20230414,121,2,-0.04687
20230415,7,5,-0.00073
20230416,15,5,-0.04759
20230417,93,3,-0.02136
20230418,314,2,0.01344
20230419,177,3,-0.02068
20230420,184,3,0.06851
20230421,69,3,-0.127
20230422,3,15,0.39473
20230423,2,35,0.44395
20230424,54,4,0.04208
20230425,115,6,0.00137
20230426,119,6,0.00137
20230427,93,8,-0.05609
20230428,43,9,0.00407
20230429,8,8,-0.1462
20230430,10,8,0.09927
20230501,375,1,0.01989
20230502,162,4,0.04015
20230503,115,5,0.01985
20230504,149,6,0.02805
20230505,97,4,0.05269
20230506,4,9,-0.05435
20230507,11,5,-0.05072
20230508,127,4,-0.03338
20230509,75,6,-0.01405
20230510,68,6,0.09114
20230511,54,9,-0.07069
20230512,51,6,0.05834
20230513,4,11,0.0625
20230514,4,14,-0.27297
20230515,78,4,-0.00499
20230516,259,3,0.07631
20230517,292,1,0.0668
20230518,635,1,0.04324
20230519,278,2,0.00921
20230520,16,3,0.02486
20230521,41,3,-0.15312
20230522,160,3,-0.00194
20230523,159,3,0.00596
20230524,1918,1,0.04014
20230525,1290,1,0.0799
20230526,326,2,-0.03013
20230527,75,2,0.00305
20230528,52,2,0.01369
20230529,100,2,0.10232
20230530,543,2,0.03178
20230531,390,2,0.02311
20230601,264,3,0.02192
20230602,148,3,-0.01937
20230603,15,3,-0.00039
20230604,25,3,0.1545
20230605,89,5,0.01939
20230606,115,7,-0.12288
20230607,132,8,0.0409
20230608,95,6,0.07733
20230609,87,5,0.08797
20230610,11,5,-0.11352
20230611,9,9,0.19906
20230612,72,9,-0.04481
20230613,159,5,0.01745
20230614,633,1,0.0262
20230615,320,2,0.02936
20230616,201,2,0.02081
20230617,25,3,-0.07424
20230618,11,4,0.2508
20230619,37,3,0.08521
20230620,259,3,0.02483
20230621,192,4,0.07011
20230622,128,3,0.07666
20230623,92,4,-0.06525
20230624,17,4,0.11866
20230625,16,5,0.21589
20230626,217,2,0.00242
20230627,285,1,0.02456
20230628,398,1,-0.00355
20230629,195,3,-0.10337
20230630,117,4,0.01243
20230701,12,5,-0.24535
20230702,20,3,0.03378
20230703,37,5,0.07452
20230704,10,6,-0.07735
20230705,89,6,0.03022
20230706,85,5,-0.00564
20230707,71,6,0.09469
20230708,3,16,-0.26667
20230709,15,5,0.12528
20230710,63,7,0.01595
20230711,35,12,0.02353
20230712,98,5,0.09667
20230713,358,2,-0.00805
20230714,473,1,0.07315
20230715,38,1,-0.06489
20230716,20,3,0.03153
20230717,214,3,0.06096
20230718,255,3,0.03164
20230719,211,6,0.01846
20230720,185,4,0.07065
20230721,159,4,0.02964
20230722,12,5,0.23087
20230723,16,5,0.22467
20230724,98,4,0.02888
20230725,135,7,0.08961
20230726,69,7,0.03986
20230727,161,3,-0.02806
20230728,70,7,0.13124
20230729,11,4,0.25314
20230730,18,6,0.13804
20230731,51,8,0.05334
20230801,87,5,0.02938
20230802,117,7,0.02847
20230803,79,9,0.00903
20230804,75,6,-0.06029
20230805,2,21,-0.11575
20230806,12,7,0.12781
20230807,78,6,-0.02098
20230808,105,4,0.02456
20230809,203,3,0.00822
20230810,155,2,-0.00091
20230811,196,2,0.01547
20230812,26,1,0.00615
20230813,64,1,0.04095
20230814,438,1,0.0516
20230815,299,1,0.02608
20230816,198,2,-0.01266
20230817,199,2,-0.04961
20230818,250,2,0.02011
20230819,36,1,-0.09459
20230820,71,1,-0.02745
20230821,793,1,0.02627
20230822,753,1,0.02875
20230823,1849,1,0.05279
20230824,937,1,0.0175
20230825,338,1,-0.02262
20230826,32,1,-0.20661
20230827,44,1,-0.0064
20230828,260,1,0.01214
20230829,211,2,0.02546
20230830,301,1,0.03277
20230831,208,1,0.0381
20230901,139,3,-0.11465
20230902,7,4,-0.34604
20230903,5,4,-0.07192
20230904,17,3,-0.07131
20230905,64,4,0.05001
20230906,85,6,0.01901
20230907,142,3,0.04825
20230908,135,2,0.04234
20230909,13,2,-0.06825
20230910,26,2,-0.03477
20230911,132,3,0.05167
20230912,53,5,0.03246
20230913,93,3,0.07859
20230914,99,4,-0.00218
20230915,151,3,0.02694
20230916,27,1,-0.18973
20230917,10,4,0.01073
20230918,163,1,-0.01197
20230919,69,5,0.03763
20230920,129,2,0.05893
20230921,179,2,0.03021
20230922,125,2,0.03029
20230923,7,4,0.11337
20230924,16,3,-0.18789
20230925,112,2,-0.00467
20230926,128,2,0.01271
20230927,156,2,0.00103
20230928,131,2,0.01014
20230929,109,2,-0.0267
20230930,4,9,-0.22513
20231001,7,7,-0.29313
20231002,95,3,0.12856
20231003,143,2,-0.03654
20231004,75,3,-0.06457
20231005,191,2,-0.01354
20231006,120,3,0.02549
20231007,10,5,-0.18317
20231008,35,2,-0.00791
20231009,74,3,-0.0505
20231010,42,6,-0.00467
20231011,83,3,0.03073
20231012,141,3,0.02295
20231013,104,3,0.03784
20231014,6,2,-0.0788
20231015,12,4,-0.00597
20231016,71,2,-0.00816
20231017,287,1,0.03721
20231018,206,4,0.00024
20231019,95,4,0.02699
20231020,97,4,0.02406
20231021,5,8,-0.1512
20231022,17,4,0.02444
20231023,140,2,0.07106
20231024,122,4,0.04196
20231025,143,4,0.03962
20231026,179,3,0.03124
20231027,79,2,0.04296
20231028,5,5,-0.18942
20231029,4,15,0.11412
20231030,58,3,-0.07018
20231031,143,3,0.00454
20231101,100,4,0.00966
20231102,122,3,0.10371
20231103,127,2,0.09689
20231104,6,3,-0.26395
20231105,14,3,-0.14225
20231106,105,2,0.02078
20231107,70,4,-0.05863
20231108,166,2,0.02475
20231109,266,1,0.0523
20231110,140,2,0.05084
20231111,8,5,-0.08788
20231112,19,3,0.01786
20231113,181,2,0.01507
20231114,182,2,0.05109
20231115,193,2,0.07098
20231116,129,2,0.05111
20231117,172,2,0.01948
20231118,35,2,0.01093
20231119,64,2,0.05125
20231120,422,1,0.05888
20231121,973,1,-0.00312
20231122,427,1,-0.0257
20231123,15,1,-0.158
20231124,107,1,-0.0166
20231125,4,4,-0.21775
20231126,30,3,0.01834
20231127,120,2,0.03676
20231128,126,2,-0.03209
20231129,39,7,0.01171
20231130,117,3,-0.08366
20231201,83,3,-0.02518
20231202,5,5,-0.2253
20231203,20,5,-0.08518
20231204,81,3,-0.05593
20231205,47,5,0.00608
20231206,77,3,0.0166
20231207,45,9,0.01654
20231208,32,10,-0.12862
20231209,4,6,-0.58975
20231210,6,11,0.06433
20231211,62,3,-0.00918
20231212,33,8,-0.02959
20231213,56,4,0.06998
20231214,86,5,0.00305
20231215,82,3,-0.02364
20231216,1,35,-0.8
20231217,5,8,0.10046
20231218,106,2,0.05187
20231219,122,2,-0.0012
20231220,80,6,-0.07368
20231221,40,9,0.0972
20231222,60,5,-0.06865
20231223,2,19,-0.064
20231224,4,6,-0.11313
20231226,24,7,0.13662
20231227,36,7,-0.03114
20231228,60,6,0.03292
20231229,109,4,0.02725
20231230,4,7,-0.2
20231231,5,7,-0.04666
20240101,8,10,-0.10896
20240102,52,8,0.04238
20240103,35,7,0.14295
20240104,48,6,0.06789
20240105,139,2,0.03946
20240106,4,10,-0.21955
20240107,4,16,0.09053
20240108,385,1,0.06015
20240109,507,1,0.03388
20240110,327,1,0.06125
20240111,348,1,0.01935
20240112,212,2,-0.02334
20240113,12,4,0.0514
20240114,13,4,0.04226
20240115,47,2,-0.0426
20240116,308,1,0.05983
20240117,285,1,0.04736
20240118,412,1,0.05804
20240119,628,1,0.05735
20240120,48,1,-0.06508
20240121,208,1,0.06822
20240122,320,2,0.06315
20240123,267,3,0.05676
20240124,661,2,0.06992
20240125,406,2,0.05755
20240126,167,1,-0.00501
20240127,41,2,0.07795
20240128,71,1,0.03845
20240129,338,2,0.05581
20240130,302,4,0.0798
20240131,115,4,0.0349
20240201,257,5,0.04407
20240202,583,1,0.04032
20240203,70,1,0.13566
20240204,177,1,0.06803
20240205,1632,1,0.05836
20240206,1444,1,0.03918
20240207,949,1,0.03078
20240208,552,1,0.05558
20240209,782,1,0.05954
20240210,114,1,-0.0343
20240211,132,1,0.122
20240212,844,1,0.04806
20240213,905,1,0.02337
20240214,384,1,0.05465
20240215,610,2,0.00639
20240216,713,2,0.03486
20240217,126,1,0.02815
20240218,188,1,0.08605
20240219,345,2,0.02918
20240220,1141,1,0.00677
20240221,2690,1,0.03929
20240222,1691,1,0.06934
20240223,978,1,0.05854
20240224,91,1,-0.0054
20240225,141,1,0.05784
20240226,535,1,-0.00864
20240227,463,2,0.04023
20240228,387,2,-0.02404
20240229,414,4,0.02481
20240301,636,1,0.02703
20240302,86,1,0.07964
20240303,229,2,0.06535
20240304,1057,1,0.06131
20240305,748,1,0.02819
20240306,871,1,0.03804
20240307,1817,1,0.05624
20240308,2341,1,0.05153
20240309,162,1,0.01624
20240310,483,1,0.04795
20240311,1122,1,0.02748
20240312,1360,1,0.06851
20240313,1121,1,0.0185
20240314,1110,1,0.00579
20240315,843,1,-0.00389
20240316,80,1,-0.05745
20240317,181,1,0.02183
20240318,1327,1,0.02068
20240319,933,1,0.01859
20240320,636,1,-0.00899
20240321,607,2,0.01542
20240322,785,1,-0.00515
20240323,63,1,0.10736
20240324,107,2,0.08955
20240325,409,2,0.02468
20240326,475,2,0.00972
20240327,685,2,-0.00171
20240328,400,2,-0.02002
20240329,45,2,-0.18276
20240330,20,6,-0.23635
20240331,110,1,0.06975
20240401,326,2,-0.00326
20240402,354,3,0.03157
20240403,336,2,-0.02021
20240404,396,2,-0.05362
20240405,262,3,-0.03246
20240406,18,4,-0.07545
20240407,46,6,-0.03868
20240408,215,3,-0.01199
20240409,437,2,-0.0282
20240410,466,2,0.03714
20240411,597,2,0.01896
20240412,311,3,-0.01181
20240413,40,2,-0.19098
20240414,56,2,-0.00421
20240415,216,4,0.0269
20240416,156,5,0.02895
20240417,313,4,-0.0323
20240418,263,6,-0.00929
20240419,773,1,0.01858
20240420,100,1,-0.12696
20240421,112,2,-0.00866
20240422,333,3,0.03659
20240423,298,3,0.04664
20240424,435,4,-0.01223
20240425,461,3,0.01471
20240426,495,1,0.03787
20240427,45,1,0.03995
20240428,72,2,0.00635
20240429,247,3,0.00737
20240430,276,6,0.04683
20240501,353,2,0.0361
20240502,238,3,0.00171
20240503,225,2,0.04568
20240504,16,4,0.05014
20240505,47,4,0.15459
20240506,313,3,0.05196
20240507,271,2,0.02083
20240508,248,2,0.03629
20240509,322,2,-0.0419
20240510,207,2,-0.02424
20240511,10,4,-0.15844
20240512,27,4,0.00406
20240513,151,5,0.02808
20240514,133,9,0.05798
20240515,386,5,0.04512
20240516,328,4,0.0381
20240517,261,3,0.03358
20240518,56,1,0.04927
20240519,125,1,0.09213
20240520,355,1,0.05327
20240521,573,1,0.02359
20240522,2076,1,0.07143
20240523,1346,1,0.04578
20240524,442,1,0.03733
20240525,60,1,-0.0347
20240526,62,1,0.0721
20240527,266,1,0.05179
20240528,1390,1,0.0669
20240529,919,1,0.05518
20240530,723,1,0.023
20240531,388,2,0.01108
20240601,46,1,0.03996
20240602,295,1,0.09574
20240603,584,1,0.06023
20240604,533,1,0.04349
20240605,1597,1,0.07882
20240606,1185,1,0.06839
20240607,558,1,0.01344
20240608,120,1,0.05397
20240609,192,1,0.05426
20240610,906,1,0.08829
20240611,458,2,0.05017
20240612,541,2,0.1089
20240613,845,1,0.04341
20240614,1123,1,0.06665
20240615,105,1,0.00616
20240616,272,1,0.04025
20240617,1147,1,0.05101
20240618,1358,1,0.08081
20240619,833,1,0.07767
20240620,2038,1,0.05834
20240621,1306,1,0.01655
20240622,122,1,-0.02499
20240623,328,1,0.06653
20240624,1810,1,0.02279
20240625,1380,1,0.03076
20240626,1335,1,0.02327
20240627,789,1,0.0041
20240628,618,1,-0.04749
20240629,50,1,-0.17662
20240630,95,1,0.0401
20240701,611,1,0.00706
20240702,642,2,-0.00648
20240703,709,1,0.03409
20240704,237,1,0.06854
20240705,706,1,-0.01208
20240706,71,1,-0.01256
20240707,153,1,0.00544
20240708,481,1,0.03267
20240709,551,1,0.06941
20240710,522,1,0.04981
20240711,671,1,0.02411
20240712,358,2,0.01095
20240713,56,3,0.10743
20240714,118,2,0.06546
20240715,443,2,-0.0247
20240716,507,1,-0.00347
20240717,823,1,0.02181
20240718,661,1,0.01873
20240719,340,2,-0.0343
20240720,57,1,-0.00458
20240721,159,1,-0.00073
20240722,378,2,0.0619
20240723,387,2,-0.02448
20240724,516,3,0.00895
20240725,802,1,0.02196
20240726,457,1,-0.02016
20240727,36,1,-0.10251
20240728,97,1,0.12371
20240729,579,1,-0.0615
20240730,1487,1,0.04709
20240731,1442,1,0.06228
20240801,945,1,0.01903
20240802,713,1,-0.00994
20240803,184,1,-0.05646
20240804,350,1,-0.00742
20240805,879,1,0.04138
20240806,624,2,0.03461
20240807,863,1,0.00682
20240808,576,1,0.08262
20240809,409,1,-0.04798
20240810,32,2,-0.0503
20240811,97,1,0.00133
20240812,470,1,0.05707
20240813,604,1,0.04178
20240814,579,1,0.05675
20240815,786,2,0.09553
20240816,469,3,0.04446
20240817,74,1,-0.01827
20240818,188,2,0.04104
20240819,845,1,0.10262
20240820,711,2,0.04434
20240821,533,1,0.06648
20240822,840,1,0.03841
20240823,580,1,0.05099
20240824,104,1,0.04543
20240825,254,1,0.06919
20240826,823,1,0.03689
20240827,1157,1,0.02927
20240828,2654,1,0.03147
20240829,1326,1,-0.01423
20240830,422,1,-0.11543
20240831,60,1,-0.13578
20240901,49,1,-0.21488
20240902,96,1,0.03298
20240903,1102,1,0.00736
20240904,701,1,-0.01191
20240905,379,1,0.0102
20240906,509,1,-0.02351
20240907,66,1,-0.09333
20240908,74,1,0.01319
20240909,255,1,0.03295
20240910,307,1,-0.00935
20240911,608,1,0.05094
20240912,469,1,0.0527
20240913,343,2,-0.0198
20240914,33,1,-0.08616
20240915,64,2,0.0789
20240916,222,2,0.06214
20240917,191,3,-0.00699
20240918,280,3,0.01269
20240919,281,3,-0.00016
20240920,230,2,-0.01189
20240921,27,2,0.00094
20240922,55,3,0.08486
20240923,166,3,0.01437
20240924,508,1,0.01154
20240925,435,2,0.07936
20240926,321,2,0.04839
20240927,354,1,-0.00774
20240928,45,1,-0.08901
20240929,61,2,-0.0421
20240930,173,2,0.03188
20241001,217,3,-0.04336
20241002,292,1,0.03615
20241003,386,1,0.06044
20241004,196,2,0.0207
20241005,25,1,0.13596
20241006,89,1,0.07582
20241007,496,1,0.06223
20241008,427,1,0.03151
20241009,324,2,0.04157
20241010,353,2,0.03371
20241011,206,3,0.03469
20241012,25,2,0.01664
20241013,39,3,-0.08185
20241014,284,1,0.07195
20241015,539,1,0.02357
20241016,367,1,0.02925
20241017,519,1,0.08132
20241018,205,1,0.02169
20241019,15,3,-0.12023
20241020,47,1,-0.03864
20241021,671,1,0.06046
20241022,293,1,0.08242
20241023,274,4,0.04938
20241024,212,3,-0.01441
20241025,181,3,0.04346
20241026,18,3,-0.09069
20241027,31,4,-0.05525
20241028,123,6,0.05441
20241029,167,5,0.03302
20241030,155,10,0.01613
20241031,240,5,0.0786
20241101,204,1,0.0067
20241102,26,3,-0.06533
20241103,84,2,0.01236
20241104,132,5,0.01076
20241105,128,6,0.01215
20241106,176,4,0.08497
20241107,164,4,0.09296
20241108,191,3,0.01085
20241109,21,3,-0.0061
20241110,63,2,0.00699
20241111,208,3,0.01851
20241112,245,3,0.05014
20241113,186,6,0.04562
20241114,180,6,0.01601
20241115,218,5,0.02037
20241116,38,1,0.06243
20241117,121,1,-0.00836
20241118,390,2,-0.0175
20241119,596,1,0.05932
20241120,1105,1,0.02744
20241121,680,2,0.05226
20241122,399,2,-0.03232
20241123,28,3,-0.18838
20241124,50,6,0.00321
20241125,500,3,-0.02535
20241126,305,3,0.03453
20241127,477,1,0.01059
20241128,74,3,0.11986
20241129,174,2,0.01291
20241130,25,3,0.0363
20241201,50,5,0.05044
20241202,178,6,0.00263
20241203,158,7,-0.00474
20241204,318,2,0.05518
20241205,159,4,0.03492
20241206,243,1,-0.02389
20241207,26,4,-0.08055
20241208,42,6,-0.05328
20241209,251,2,-0.01615
20241210,352,1,0.00179
20241211,235,3,0.06079
20241212,238,3,0.01227
20241213,413,1,-0.02844
20241214,20,6,-0.01158
20241215,72,2,0.12182
20241216,513,2,-0.00565
20241217,552,2,0.01123
20241218,447,3,0.06558
20241219,185,4,-0.0167
20241220,183,4,0.00925
20241221,19,6,-0.15306
20241222,48,4,0.07357
20241223,186,3,0.05469
20241224,114,3,0.05263
20241225,47,3,-0.0084
20241226,149,5,-0.01831
20241227,105,6,0.02832
20241228,9,9,0.20176
20241229,35,6,0.10075
20241230,233,2,0.0488
20241231,127,4,0.0291
20250101,44,4,0.02594
20250102,214,3,0.05002
20250103,305,1,0.06597
20250104,30,2,0.14505
20250105,67,3,-0.03927
20250106,693,1,0.04208
20250107,693,1,0.02026
20250108,343,2,0.02114
20250109,97,2,-0.01919
20250110,228,4,-0.02315
20250111,18,4,-0.09876
20250112,40,4,-0.00052
20250113,234,3,0.08433
20250114,251,3,-0.02868
20250115,290,2,0.05964
20250116,285,2,-0.03954
20250117,180,4,-0.04776
20250118,24,5,-0.0899
20250119,14,11,0.11131
20250120,59,5,-0.03745
20250121,329,2,0.05549
20250122,374,1,0.04751
20250123,191,3,0.06734
20250124,476,1,-0.01998
20250125,65,2,0.03524
20250126,346,2,0.00491
20250127,2519,1,0.02681
20250128,1451,1,0.04976
20250129,1399,1,-0.00435
20250130,1152,1,0.02406
20250131,984,1,0.00524
20250201,140,2,-0.07029
20250202,336,2,0.04141
20250203,687,3,0.01381
20250204,709,2,-0.02749
20250205,691,2,0.04479
20250206,696,1,0.02968
20250207,537,1,0.0118
20250208,46,4,-0.02386
20250209,85,2,0.02476
20250210,386,1,0.04112
20250211,258,4,0.03927
20250212,224,5,0.00512
20250213,310,4,0.06335
20250214,389,2,0.02566
20250215,34,3,-0.0116
20250216,44,3,0.02993
20250217,122,1,0.00288
20250218,423,2,0.08997
20250219,207,3,-0.00375
20250221,194,3,-0.06992
