20180801,3,9,-0.09103
20180802,2,17,-0.38075
20180803,12,3,-0.04688
20180806,3,9,-0.3026
20180807,6,8,-0.04878
20180808,6,6,-0.1805
20180809,7,10,-0.17851
20180810,10,2,0.0991
20180813,8,5,-0.27581
20180814,3,12,-0.05853
20180815,8,7,0.14739
20180816,18,4,-0.03261
20180817,6,10,0.08335
20180820,4,12,-0.16638
20180821,18,4,0.08891
20180822,11,7,-0.0433
20180823,11,6,-0.10332
20180824,7,11,-0.35533
20180826,1,4,0.25
20180827,4,18,0.24913
20180828,7,12,-0.11247
20180829,11,8,0.15034
20180830,7,15,0.10916
20180831,16,10,0.15771
20180904,11,10,0.13233
20180905,8,15,-0.06925
20180906,11,12,-0.00093
20180907,5,18,-0.38746
20180910,2,30,0.36755
20180911,2,38,0.4253
20180912,3,24,-0.12833
20180913,2,41,0.50855
20180914,14,10,0.281
20180917,3,21,-0.48823
20180918,10,14,-0.00654
20180919,4,23,0.14495
20180920,19,8,-0.01468
20180921,14,11,-0.00668
20180922,1,10,0.8814
20180923,1,5,-0.501
20180924,13,15,0.24017
20180925,4,30,0.19765
20180926,29,5,0.17748
20180927,15,11,0.05846
20180928,11,14,0.35051
20180929,1,23,-0.5423
20181001,12,21,-0.01543
20181002,5,30,0.04672
20181003,17,11,0.11758
20181004,30,9,-0.1641
20181005,33,7,0.01921
20181006,1,20,0.7269
20181008,56,5,0.00569
20181009,37,5,0.20754
20181010,112,1,0.00878
20181011,152,2,0.05243
20181012,93,2,-0.03219
20181013,13,1,0.27142
20181014,3,2,0.35753
20181015,59,2,0.01847
20181016,51,1,0.12134
20181017,49,1,0.18104
20181018,48,1,0.05934
20181019,32,3,0.20731
20181020,1,8,-0.1027
20181022,23,4,0.0172
20181023,61,2,0.06427
20181024,60,6,0.0871
20181025,45,7,0.10212
20181026,77,2,-0.02659
20181027,5,3,0.11894
20181028,2,3,-0.3753
20181029,84,2,-0.00358
20181030,65,4,0.07451
20181031,90,1,0.05937
20181101,42,7,0.04462
20181102,63,2,-0.0483
20181103,6,2,0.2249
20181105,46,2,0.04533
20181106,29,3,0.02073
20181107,59,3,-0.03233
20181108,36,4,0.02546
20181109,46,2,0.15358
20181110,2,7,0.6714
20181111,1,10,0.1406
20181112,54,2,0.00819
20181113,52,2,0.08817
20181114,69,2,0.06578
20181115,79,1,0.14098
20181116,74,1,0.0251
20181117,6,4,0.09182
20181118,1,8,-0.5255
20181119,85,1,0.03516
20181120,66,3,0.05285
20181121,41,3,-0.11272
20181122,3,2,0.208
20181123,48,1,-0.02022
20181124,5,2,0.2008
20181125,5,1,0.01576
20181126,48,1,0.102
20181127,39,2,0.06299
20181128,81,2,-0.00702
20181129,70,1,0.11859
20181130,82,1,0.10291
20181201,31,1,0.11417
20181202,15,3,0.39017
20181203,86,2,0.05982
20181204,112,2,0.09175
20181205,15,1,0.02591
20181206,168,1,0.05076
20181207,177,1,0.00604
20181208,25,1,0.19079
20181209,19,1,0.09623
20181210,143,1,0.00084
20181211,191,1,0.04215
20181212,150,1,-0.00422
20181213,139,1,0.024
20181214,186,1,0.01873
20181215,27,1,0.10391
20181216,8,1,0.2558
20181217,175,1,-0.00787
20181218,122,1,0.03879
20181219,176,1,-0.00325
20181220,188,1,0.03459
20181221,259,1,0.05109
20181222,25,1,0.23518
20181223,14,1,0.14721
20181224,97,1,-0.00049
20181225,5,1,0.09526
20181226,137,1,0.09417
20181227,104,1,-0.02695
20181228,155,1,-0.001
20181229,38,1,0.08475
20181230,10,1,-0.10355
20181231,91,1,0.07555
20190101,3,1,0.6781
20190102,116,1,0.03945
20190103,87,2,0.07773
20190104,182,1,0.07909
20190105,15,1,-0.05247
20190106,14,1,0.02034
20190107,97,2,0.06449
20190108,93,2,-0.00657
20190109,129,2,-0.02657
20190110,75,2,0.05364
20190111,105,2,0.03443
20190112,11,1,-0.22326
20190113,7,1,0.31256
20190114,76,1,0.01723
20190115,106,1,0.01562
20190116,115,1,0.05586
20190117,91,3,0.06557
20190118,126,1,0.0045
20190119,18,1,-0.19538
20190120,5,2,-0.20022
20190121,8,1,-0.16029
20190122,84,1,0.03672
20190123,88,1,0.09773
20190124,83,2,0.09157
20190125,142,1,-0.01606
20190126,12,2,0.08522
20190127,5,2,0.15256
20190128,86,2,0.04978
20190129,61,4,0.05711
20190130,94,3,0.03954
20190131,106,3,0.19077
20190201,113,1,0.02511
20190202,14,1,0.03478
20190203,12,1,0.25602
20190204,76,2,0.05992
20190205,114,1,0.08389
20190206,73,1,-0.03568
20190207,96,1,0.0365
20190208,136,1,0.04071
20190209,8,2,0.0434
20190210,3,4,0.04487
20190211,49,2,-0.04858
20190212,107,1,0.13118
20190213,97,1,0.01771
20190214,138,1,0.04764
20190215,128,1,0.02217
20190216,17,1,0.05454
20190217,4,1,0.4181
20190218,12,1,-0.14017
20190219,84,1,0.04211
20190220,118,1,0.01687
20190221,63,1,0.02008
20190222,120,1,0.00573
20190223,8,5,0.47564
20190224,4,5,0
20190225,117,1,0.03892
20190226,82,1,0.05113
20190227,114,1,0.06648
20190228,66,3,-0.12268
20190301,121,2,0.02891
20190302,16,2,-0.07842
20190303,4,6,0.08172
20190304,162,1,-0.01025
20190305,83,2,0.09732
20190306,74,1,0.07545
20190307,111,1,0.07424
20190308,159,1,0.09643
20190309,14,1,0.33111
20190310,11,2,0.22145
20190311,113,2,0.04392
20190312,134,2,0.0118
20190313,193,2,0.04837
20190314,103,1,0.03092
20190315,115,2,0.08357
20190316,11,2,-0.13291
20190317,3,5,0.4795
20190319,154,1,0.01521
20190320,144,2,-0.00834
20190321,174,2,0.08631
20190322,214,1,0.0718
20190323,13,1,0.17584
20190324,9,1,-0.05804
20190325,70,2,-0.02021
20190326,124,1,0.07425
20190327,139,1,0.04828
20190328,118,1,-0.03159
20190329,152,1,0.02401
20190330,17,1,0.15069
20190331,7,2,0.2077
20190401,135,1,0.00277
20190402,102,1,0.03941
20190403,116,2,0.03634
20190404,103,3,0.03512
20190405,164,1,0.11686
20190406,16,2,-0.01696
20190407,7,1,0.2802
20190408,96,2,0.02696
20190409,91,2,0.11847
20190410,71,2,-0.05022
20190411,104,1,0.02848
20190412,138,2,0.03875
20190413,10,5,0.3324
20190415,70,3,0.02135
20190416,107,4,0.00915
20190417,104,1,0.02017
20190418,89,1,0.0482
20190419,20,1,0.28468
20190420,5,4,0.55342
20190421,9,1,0.09367
20190422,69,1,0.02633
20190423,110,1,0.04235
20190424,80,3,0.0481
20190425,123,4,-0.05442
20190426,140,3,0.03584
20190427,7,8,-0.1351
20190428,6,6,-0.0003
20190429,82,2,0.02372
20190430,143,4,0.04147
20190501,241,1,0.04297
20190502,168,1,0.02503
20190503,165,1,0.14091
20190504,25,1,0.07132
20190505,48,1,-0.0057
20190506,197,1,0.09442
20190507,332,1,-0.0154
20190508,182,2,0.02058
20190509,227,1,0.06178
20190510,240,1,0.08739
20190511,19,1,0.07456
20190512,5,2,-0.30884
20190513,171,1,0.04646
20190514,111,1,-0.02552
20190515,105,2,0.03257
20190516,112,1,0.03183
20190517,149,1,0.04323
20190518,20,1,-0.0724
20190519,10,2,0.04508
20190520,90,2,0.04186
20190521,104,2,0.07254
20190522,107,2,-0.09309
20190523,147,2,-0.07127
20190524,121,2,0.03708
20190525,7,4,0.10847
20190526,7,3,-0.31567
20190527,12,2,0.16532
20190528,132,2,0.03943
20190529,153,1,0.06532
20190530,89,2,0.04581
20190531,183,1,0.05679
20190601,26,1,0.08688
20190602,13,1,-0.04638
20190603,176,1,-0.0104
20190604,184,1,0.06429
20190605,184,1,0.04365
20190606,165,2,0.02671
20190607,247,1,0.01828
20190608,34,1,0.16963
20190609,37,1,0.068
20190610,112,3,-0.0287
20190611,118,2,0.02065
20190612,92,2,0.03583
20190613,104,1,0.02096
20190614,92,2,0.08066
20190615,14,1,-0.0246
20190616,6,2,0.33237
20190617,56,3,0.02797
20190618,117,2,0.05634
20190619,135,1,0.09473
20190620,167,1,0.0191
20190621,121,1,0.03348
20190622,11,3,0.12053
20190623,10,1,0.32106
20190624,87,1,0.00377
20190625,105,2,-0.07672
20190626,49,2,0.06626
20190627,53,1,0.10056
20190628,99,1,-0.02222
20190629,34,1,0.14791
20190630,15,1,0.22959
20190701,122,1,0.03499
20190702,83,1,-0.03758
20190703,143,1,0.0009
20190704,5,3,-0.10208
20190705,144,1,0.07341
20190706,10,1,-0.23551
20190707,22,1,0.14529
20190708,91,1,0.05636
20190709,87,1,0.11333
20190710,156,1,0.00656
20190711,149,1,0.00547
20190712,193,1,0.03941
20190713,11,1,0.14828
20190714,11,1,0.07432
20190715,45,2,0.09502
20190716,84,2,0.03463
20190717,98,3,0.02227
20190718,86,2,0.04316
20190719,115,2,0.02851
20190720,10,2,0.17599
20190721,10,2,-0.01261
20190722,41,2,-0.03505
20190723,70,2,0.04531
20190724,59,3,0.03383
20190725,65,4,0.06917
20190726,83,2,0.03655
20190727,10,3,0.06892
20190728,9,4,0.23402
20190729,42,4,0.02499
20190730,44,6,0.02207
20190731,115,1,-0.01837
20190801,141,1,0.0406
20190802,207,1,0.03019
20190803,11,2,0.07211
20190804,2,13,0.79975
20190805,247,1,0.00952
20190806,177,1,-0.04512
20190807,222,1,0.01593
20190808,182,3,0.08513
20190809,226,2,0.01444
20190810,19,2,0.14939
20190811,11,1,0.19567
20190812,123,2,0.01068
20190813,200,1,0.00917
20190814,288,1,-0.00976
20190815,156,2,-0.01252
20190816,215,1,0.01063
20190817,18,2,-0.10894
20190818,23,1,0.23463
20190819,136,1,0.0584
20190820,143,1,0.00946
20190821,183,2,0.06452
20190822,156,2,-0.00335
20190823,341,1,0.04122
20190824,44,1,-0.04153
20190825,30,1,0.18019
20190826,147,1,0.04016
20190827,174,1,0.03216
20190828,126,1,0.01173
20190829,159,3,0.02254
20190830,208,1,-0.01625
20190831,33,1,0.14552
20190901,15,1,0.25519
20190902,18,1,0.08306
20190903,113,1,0.04367
20190904,152,1,0.03837
20190905,183,2,0.04849
20190906,174,1,0.01261
20190907,24,1,0.03018
20190908,14,1,0.27894
20190909,136,1,0.05927
20190910,101,3,0.00445
20190911,156,1,-0.02674
20190912,167,1,-0.02609
20190913,174,1,0.02279
20190914,20,2,0.12501
20190915,22,1,-0.09352
20190916,126,1,0.00692
20190917,130,1,-0.01254
20190918,204,1,-0.0047
20190919,171,1,0.01102
20190920,193,2,-0.06907
20190921,31,3,0.06125
20190922,18,1,-0.10893
20190923,114,2,0.00479
20190924,225,1,0.01632
20190925,128,2,0.05061
20190926,124,2,0.016
20190927,194,1,-0.00259
20190928,31,1,-0.05665
20190929,7,2,0.18487
20190930,105,1,-0.0416
20191001,203,1,-0.00086
20191002,248,1,0.0408
20191003,225,1,0.07595
20191004,219,1,-0.0025
20191005,33,1,0.05915
20191006,25,1,0.09046
20191007,124,1,-0.03369
20191008,193,1,-0.0079
20191009,166,1,0.00798
20191010,205,1,0.05898
20191011,255,1,0.04002
20191012,29,1,-0.01856
20191013,8,3,0.09268
20191014,93,1,0.06083
20191015,186,1,0.01051
20191016,121,2,0.06228
20191017,129,1,0.02398
20191018,157,1,0.07283
20191019,17,1,0.04682
20191020,13,1,0.14032
20191021,110,1,0.00056
20191022,143,2,-0.01576
20191023,126,3,-0.04206
20191024,165,2,0.13521
20191025,185,1,-0.02884
20191026,28,1,-0.14885
20191027,18,1,-0.09966
20191028,137,2,0.03384
20191029,162,2,-0.0341
20191030,128,2,-0.02261
20191031,114,1,0.04187
20191101,188,1,0.05667
20191102,12,2,0.13603
20191103,9,1,-0.03824
20191104,41,2,0.11
20191105,77,2,0.00223
20191106,76,2,-0.03666
20191107,133,1,0.09924
20191108,132,1,0.06509
20191109,15,1,0.13671
20191110,12,1,0.01244
20191111,90,1,0.06641
20191112,149,1,0.03001
20191113,110,2,0.00246
20191114,98,4,0.02992
20191115,150,1,0.03625
20191116,17,1,0.12678
20191117,15,1,-0.01451
20191118,144,1,0.0332
20191119,131,2,-0.02527
20191120,130,2,-0.03265
20191121,89,3,-0.0485
20191122,80,2,0.02783
20191123,10,3,0.00353
20191124,7,4,0.23056
20191125,113,1,0.01493
20191126,121,1,0.00729
20191127,187,1,0.08802
20191128,9,1,0.14774
20191129,72,1,-0.07155
20191130,18,1,0.01876
20191201,13,1,0.09981
20191202,100,1,0.03093
20191203,148,1,0.08753
20191204,95,2,0.00674
20191205,89,1,-0.0062
20191206,157,1,0.03656
20191207,22,1,0.18174
20191208,14,1,-0.18584
20191209,76,1,0.02691
20191210,60,2,0.06532
20191211,66,3,-0.04475
20191212,148,1,0.08034
20191213,138,2,-0.00383
20191214,17,1,0.22166
20191215,14,1,0.08831
20191216,142,1,0.09249
20191217,79,2,-0.08001
20191218,101,1,-0.0203
20191219,114,2,-0.00068
20191220,158,1,0.12533
20191221,14,1,0.01633
20191222,11,1,0.30599
20191223,69,3,0.08636
20191224,28,4,0.06995
20191225,1,10,0
20191226,54,3,0.14432
20191227,101,3,0.01674
20191228,19,1,-0.0152
20191229,7,3,0.5383
20191230,65,4,-0.00397
20191231,65,2,-0.00199
20200101,1,13,0
20200102,119,2,0.05359
20200103,167,2,-0.06323
20200104,32,2,-0.04862
20200105,9,4,0.06896
20200106,100,2,0.09206
20200107,87,3,0.04782
20200108,184,3,0.03707
20200109,115,3,0.0627
20200110,174,2,0.04811
20200111,33,1,0.06996
20200112,14,1,-0.02696
20200113,104,4,0.07914
20200114,207,3,-0.01714
20200115,213,1,0.02685
20200116,242,2,0.05374
20200117,221,1,0.10084
20200118,33,1,0.12782
20200119,17,1,0.21519
20200120,29,1,-0.00228
20200121,167,3,0.00231
20200122,224,3,0.00604
20200123,233,2,0.01812
20200124,373,2,0.03632
20200125,49,1,-0.02051
20200126,40,1,0.0466
20200127,238,1,0.0427
20200128,178,3,0.0093
20200129,198,4,0.00034
20200130,275,1,0.03309
20200131,375,1,0.05623
20200201,89,1,0.11186
20200202,26,2,0.06349
20200203,156,2,0.06198
20200204,254,3,0.026
20200205,375,3,0.04856
20200206,219,3,-0.00284
20200207,250,3,0.02272
20200208,60,3,0.06473
20200209,31,3,0.04592
20200210,159,4,0.05398
20200211,195,4,0.03092
20200212,165,5,-0.01933
20200213,166,4,-0.00204
20200214,171,5,0.05261
20200215,31,4,0.24152
20200216,15,4,0.12991
20200217,27,4,0.1039
20200218,207,6,-0.03453
20200219,174,6,0.07742
20200220,269,6,0.04508
20200221,322,3,0.04572
20200222,58,2,0.06444
20200223,129,1,0.06301
20200224,514,1,0.05072
20200225,861,1,0.01785
20200226,1017,1,0.03811
20200227,1672,1,-0.00104
20200228,1604,1,-0.00349
20200229,282,1,-0.01441
20200301,356,1,0.06163
20200302,308,1,0.00238
20200303,276,1,0.05792
20200304,343,1,-0.05188
20200305,367,1,0.03157
20200306,214,1,0.00247
20200307,174,1,-0.04107
20200308,491,1,0.06148
20200309,474,1,0.02435
20200310,342,1,0.08237
20200311,562,1,0.02625
20200312,677,1,0.01273
20200313,1648,1,0.01207
20200314,321,1,0.03583
20200315,719,1,0.05442
20200316,2291,1,0.02558
20200317,2062,1,0.02552
20200318,2437,1,0.03716
20200319,1752,1,0.02079
20200320,1957,1,-0.00429
20200321,365,1,0.05049
20200322,705,1,0.01394
20200323,1795,1,-0.0313
20200324,1766,1,0.0172
20200325,1733,1,0.01368
20200326,1792,1,-0.0125
20200327,1264,1,-0.00791
20200328,349,1,0.00977
20200329,428,1,0.07235
20200330,1366,1,-0.03161
20200331,1155,1,-0.01564
20200401,399,1,0.05928
20200402,356,1,-0.02059
20200403,180,1,-0.11629
20200404,95,1,-0.11082
20200405,397,1,-0.05448
20200406,460,1,-0.01821
20200407,1094,1,0.02079
20200408,1054,1,-0.02508
20200409,1338,1,-0.00564
20200410,311,1,0.0656
20200411,211,1,0.00134
20200412,436,1,0.02811
20200413,973,1,0.02669
20200414,1011,2,-0.01124
20200415,974,1,0.05266
20200416,1596,1,0.00463
20200417,1088,1,0.0144
20200418,236,1,0.02546
20200419,388,1,0.0193
20200420,1105,2,-0.00797
20200421,1098,2,0.01962
20200422,856,2,0.0243
20200423,988,1,0.00562
20200424,834,1,0.00589
20200425,182,1,0.07682
20200426,304,1,-0.04671
20200427,836,1,0.00498
20200428,1000,2,-0.03482
20200429,1199,1,0.01004
20200430,1083,1,0.00415
20200501,810,2,0.00149
20200502,235,1,0.00829
20200503,389,1,-0.02922
20200504,648,1,0.04119
20200505,692,1,0.02126
20200506,649,2,-0.00706
20200507,715,2,-0.00321
20200508,704,1,-0.00922
20200509,161,1,0.05259
20200510,270,1,-0.01594
20200511,623,2,0.01629
20200512,998,1,0.02878
20200513,1038,1,0.00689
20200514,986,1,0.03733
20200515,659,1,-0.01262
20200516,150,1,0.02864
20200517,319,1,0.01398
20200518,1050,1,0.04028
20200519,935,1,0.02982
20200520,913,1,0.02335
20200521,903,1,0.02846
20200522,627,1,0.01214
20200523,164,2,0.0324
20200524,196,1,0.03882
20200525,485,1,0.1154
20200526,945,1,0.04123
20200527,871,1,0.04063
20200528,1041,2,-0.00136
20200529,975,1,0.00348
20200530,334,1,-0.02242
20200531,452,1,-0.03492
20200601,714,2,-0.01845
20200602,791,3,0.02135
20200603,1071,1,0.0014
20200604,856,3,0.02936
20200605,1320,1,0.05936
20200606,257,2,0.07047
20200607,471,2,0.05227
20200608,931,6,0.04419
20200609,978,4,0.04105
20200610,1393,1,-0.00077
20200611,2336,1,0.03636
20200612,1779,1,0.02015
20200613,370,1,0.02829
20200614,597,1,0.04254
20200615,1691,1,0.02061
20200616,1458,1,0.03088
20200617,1231,1,0.02193
20200618,1099,1,-0.00044
20200619,1131,1,0.01328
20200620,264,1,0.05489
20200621,467,1,0.06168
20200622,770,2,0.00956
20200623,794,1,0.00896
20200624,1071,1,0.01255
20200625,863,1,-0.00145
20200626,1138,1,0.01442
20200627,308,1,0.00327
20200628,363,1,-0.0265
20200629,692,2,0.00205
20200630,739,1,0.04093
20200701,831,1,0.00317
20200702,651,2,0.05274
20200703,177,1,0.072
20200704,104,2,0.12381
20200705,255,1,0.00072
20200706,632,2,0.0555
20200707,606,3,0.04496
20200708,516,4,-0.01888
20200709,707,1,0.04639
20200710,538,2,0.01838
20200711,130,2,0.05044
20200712,232,2,0.04802
20200713,1085,2,0.03385
20200714,861,2,0.03547
20200715,860,2,0.02965
20200716,724,2,-0.01118
20200717,570,3,-0.00937
20200718,108,3,0.07058
20200719,200,3,0.06108
20200720,599,4,-0.0039
20200721,632,3,0.022
20200722,517,4,0.03983
20200723,683,3,-0.00254
20200724,446,3,0.03779
20200725,71,4,0.0091
20200726,164,3,0.109
20200727,370,5,0.00811
20200728,368,4,-0.00272
20200729,452,4,0.03609
20200730,747,2,0.02934
20200731,516,3,0.019
20200801,96,3,-0.01437
20200802,177,3,0.01241
20200803,134,5,0.06319
20200804,470,5,0.03791
20200805,586,1,0.0036
20200806,699,3,-0.00925
20200807,560,3,0.02256
20200808,163,2,0.04177
20200809,193,2,0.02143
20200810,463,3,0.06789
20200811,793,2,-0.01433
20200812,675,2,0.01602
20200813,636,4,-0.00967
20200814,507,2,-0.02362
20200815,97,1,0.07824
20200816,156,1,-0.008
20200817,404,3,0.01002
20200818,576,2,0.02128
20200819,657,3,0.01841
20200820,469,3,0.06179
20200821,325,5,0.00887
20200822,90,3,0.07147
20200823,146,4,0.05642
20200824,430,4,0.04284
20200825,368,6,0.04781
20200826,895,1,0.01812
20200827,764,4,0.04798
20200828,603,3,0.07056
20200829,112,4,0.09105
20200830,203,4,0.10055
20200831,227,4,-0.00121
20200901,385,8,0.03005
20200902,865,4,0.03989
20200903,1252,3,0.04888
20200904,833,3,0.034
20200905,165,2,-0.03811
20200906,144,3,0.08919
20200907,171,3,0.0439
20200908,769,3,0.00929
20200909,557,3,0.02866
20200910,611,4,0.00706
20200911,587,3,0.02642
20200912,93,3,-0.00488
20200913,106,7,0.09584
20200914,312,4,-0.0067
20200915,334,5,-0.01883
20200916,504,5,0.01078
20200917,321,2,0.04498
20200918,540,3,0.04358
20200919,82,3,0.05411
20200920,135,4,0.08
20200921,163,3,0.01771
20200922,223,3,0.07382
20200923,729,2,0.03007
20200924,540,1,0.03747
20200925,580,1,0.01982
20200926,93,1,0.01757
20200927,146,1,0.09099
20200928,500,1,0.03896
20200929,432,1,0.00617
20200930,569,2,0.02008
20201001,480,2,0.03532
20201002,678,1,0.03348
20201003,95,1,0.0628
20201004,159,1,-0.01623
20201005,437,1,0.01323
20201006,605,1,0.00597
20201007,443,1,-0.01695
20201008,438,3,0.00858
20201009,346,3,-0.03423
20201010,65,3,0.05528
20201011,106,3,0.09481
20201012,556,2,0.01485
20201013,443,2,0.06491
20201014,459,3,0.03911
20201015,488,3,0.01896
20201016,392,2,0.03099
20201017,84,2,0.03835
20201018,131,2,0.1119
20201019,104,4,-0.03313
20201020,553,1,-0.00318
20201021,639,2,0.00116
20201022,383,3,0.00393
20201023,276,3,-0.00023
20201024,41,5,-0.01201
20201025,88,1,0.08624
20201026,536,1,0.03639
20201027,521,3,-0.0173
20201028,891,1,0.02724
20201029,760,2,0.03566
20201030,843,1,0.03561
20201031,151,1,0.07742
20201101,206,1,0.08359
20201102,585,2,0.00488
20201103,612,1,0.05697
20201104,374,2,0.03779
20201105,250,2,0.01902
20201106,168,3,0.02173
20201107,121,2,0.03915
20201108,218,2,0.04143
20201109,742,2,0.05767
20201110,387,4,-0.00186
20201111,363,4,-0.00579
20201112,527,4,0.02981
20201113,520,2,0.00088
20201114,115,2,0.11109
20201115,186,4,0.06448
20201116,504,4,0.04294
20201117,409,5,0.02897
20201118,527,4,-0.01178
20201119,557,4,0.04127
20201120,390,5,0.01956
20201121,124,3,0.11103
20201122,144,5,0.13898
20201123,395,8,-0.00573
20201124,496,5,0.04218
20201125,273,8,-0.00671
20201126,109,5,0.07948
20201127,157,8,0.03839
20201128,63,7,0.0835
20201129,147,6,0.04569
20201130,413,8,0.04652
20201201,593,6,0.05896
20201202,464,6,0.08602
20201203,166,5,0.07342
20201204,562,4,0.04467
20201205,117,5,0.09482
20201206,222,2,0.04394
20201207,442,6,0.01496
20201208,398,5,0.02709
20201209,494,6,0.03691
20201210,431,4,0.07129
20201211,427,4,0.00904
20201212,85,4,0.03179
20201213,163,3,0.01559
20201214,559,3,0.02619
20201215,481,4,0.00605
20201216,462,4,0.03674
20201217,385,5,0.08367
20201218,544,5,0.00407
20201219,104,3,0.16216
20201220,233,3,-0.00939
20201221,695,3,0.02138
20201222,401,6,-0.02778
20201223,310,5,0.04253
20201224,149,6,0.01369
20201225,32,7,0.10382
20201226,48,9,0.0125
20201227,134,4,0.13554
20201228,325,7,-0.00523
20201229,298,6,0.03884
20201230,238,6,0.05166
20201231,264,5,0.03446
20210101,59,6,0.08474
20210102,33,10,-0.09349
20210103,56,8,0.05376
20210104,512,5,0.0624
20210105,309,7,0.08513
20210106,498,5,0.03685
20210107,405,7,0.0721
20210108,385,6,0.03906
20210109,75,7,0.07911
20210110,131,6,0.06581
20210111,326,6,-0.00153
20210112,286,10,0.04583
20210113,231,12,0.05354
20210114,361,9,0.00332
20210115,347,7,0.03282
20210116,47,8,0.11527
20210117,88,6,0.0029
20210118,124,6,0.02655
20210119,190,12,0.00234
20210120,340,9,0.05797
20210121,239,9,0.01163
20210122,197,10,0.02545
20210123,60,8,0.02644
20210124,35,8,0.08541
20210125,251,8,0.01412
20210126,149,10,0.07553
20210127,367,10,0.01962
20210128,259,13,0.05738
20210129,264,6,0.06736
20210130,135,6,-0.03255
20210131,377,6,0.08369
20210201,346,9,0.04534
20210202,453,6,0.05679
20210203,313,8,0.02236
20210204,136,5,0.08879
20210205,297,4,0.03197
20210206,61,4,0.05859
20210207,100,4,0.01444
20210208,455,6,0.01756
20210209,433,7,0.03152
20210210,412,6,0.01797
20210211,420,7,-0.02582
20210212,495,5,0.00122
20210213,94,4,0.03907
20210214,115,3,0.01722
20210215,217,3,0.08494
20210216,479,3,-0.04458
20210217,412,5,-0.0113
20210218,443,3,0.03622
20210219,353,5,0.02603
20210220,75,4,0.09979
20210221,163,3,0.04432
20210222,427,5,0.00328
20210223,638,5,0.03088
20210224,472,5,0.03519
20210225,716,4,-0.00025
20210226,515,5,0.01939
20210227,118,4,0.12427
20210228,238,4,0.04233
20210301,477,6,0.07136
20210302,323,7,-0.01536
20210303,502,6,0.01435
20210304,737,5,0.04171
20210305,619,4,0.0484
20210306,136,2,0.1261
20210307,180,4,0.0786
20210308,510,5,0.02755
20210309,427,5,0.00699
20210310,319,7,-0.04029
20210311,484,3,0.04419
20210312,290,6,-0.0097
20210313,57,5,0.01888
20210314,88,6,0.11184
20210315,380,4,-0.00479
20210316,452,3,0.00214
20210317,513,2,0.0345
20210318,553,2,0.01605
20210319,348,3,0.03362
20210320,45,5,0.03044
20210321,119,4,0.07242
20210322,314,5,-0.01671
20210323,480,4,-0.0031
20210324,501,4,-0.00553
20210325,514,3,0.04486
20210326,458,2,0.02352
20210327,83,2,0.07301
20210328,166,2,0.07516
20210329,468,4,0.01156
20210330,378,4,0.0442
20210331,387,4,0.02571
20210401,887,1,-0.00337
20210402,87,3,0.07594
20210403,44,4,0.05017
20210404,101,4,0.10048
20210405,647,3,0.03354
20210406,397,3,0.0406
20210407,417,2,0.00277
20210408,521,2,0.04653
20210409,658,1,0.02829
20210410,84,2,0.16821
20210411,98,4,-0.01051
20210412,466,3,0.01774
20210413,441,4,0.01782
20210414,348,5,-0.00676
20210415,480,2,0.02534
20210416,398,3,0.03641
20210417,57,4,0.09574
20210418,110,3,0.06386
20210419,404,3,0.00411
20210420,414,1,-0.02447
20210421,304,3,0.0337
20210422,441,2,0.04067
20210423,485,2,0.06224
20210424,85,3,0.06864
20210425,94,4,0.15299
20210426,351,4,0.01446
20210427,285,6,-0.01474
20210428,511,3,0.00606
20210429,518,3,0.06172
20210430,354,2,0.04539
20210501,72,3,0.18602
20210502,99,4,0.08382
20210503,295,6,0.04006
20210504,417,2,0.03962
20210505,282,5,-0.02169
20210506,412,4,-0.0142
20210507,477,2,0.04258
20210508,45,5,-0.016
20210509,89,3,0.07231
20210510,545,2,0.01241
20210511,588,2,0.04277
20210512,624,1,0.02004
20210513,420,4,0.02428
20210514,261,5,0.01785
20210515,48,3,0.12633
20210516,61,6,0.05566
20210517,229,6,0.00027
20210518,320,5,-0.00614
20210519,481,1,0.02652
20210520,502,1,0.03395
20210521,371,2,0.02115
20210522,45,3,0.16825
20210523,98,4,0.06838
20210524,355,5,0.07145
20210525,382,3,0.0572
20210526,284,4,-0.01906
20210527,383,5,0.0069
20210528,215,8,0.01561
20210529,47,4,0.11115
20210530,20,6,0.0135
20210531,48,6,0.03918
20210601,214,5,-0.03015
20210602,194,11,0.03362
20210603,271,11,0.07412
20210604,261,9,0.03059
20210605,37,9,0.19687
20210606,94,7,0.08618
20210607,174,17,0.01804
20210608,170,21,-0.00198
20210609,243,13,0.0236
20210610,342,8,0.00914
20210611,242,11,0.0384
20210612,45,11,0.11414
20210613,59,13,-0.03158
20210614,274,14,-0.02931
20210615,258,14,-0.00171
20210616,617,4,0.01527
20210617,425,4,0.00432
20210618,538,4,0.02152
20210619,104,2,0.02829
20210620,202,1,0.02052
20210621,743,1,0.0599
20210622,442,6,0.05044
20210623,284,9,-0.01945
20210624,239,9,0.04091
20210625,232,10,0.03084
20210626,42,5,0.09037
20210627,111,5,0.06297
20210628,236,11,0.02576
20210629,280,7,0.03882
20210630,267,7,0.04437
20210701,507,1,0.02084
20210702,727,1,0.02548
20210703,73,1,0.0876
20210704,84,1,0.10998
20210705,148,1,0.07918
20210706,666,1,0.04676
20210707,615,2,0.04027
20210708,942,1,0.01888
20210709,692,1,0.07433
20210710,90,2,0.11027
20210711,185,2,0.10999
20210712,872,2,0.02416
20210713,904,1,0.04229
20210714,779,1,0.00094
20210715,758,1,-0.0109
20210716,712,1,-0.01645
20210717,96,2,-0.04287
20210718,246,1,0.00882
20210719,1116,1,0.03113
20210720,784,1,0.06265
20210721,684,1,0.03143
20210722,676,1,0.03839
20210723,1164,1,0.05649
20210724,128,1,0.13363
20210725,273,1,0.09274
20210726,663,1,0.01215
20210727,889,1,0.01209
20210728,757,1,0.03354
20210729,898,2,0.04819
20210730,714,1,0.01335
20210731,112,1,-0.028
20210801,224,1,0.05555
20210802,719,1,-0.01608
20210803,778,2,0.0068
20210804,525,3,0.00962
20210805,469,3,0.00115
20210806,527,2,-0.00963
20210807,64,1,-0.04139
20210808,140,1,0.04564
20210809,343,3,0.02006
20210810,486,2,0.02886
20210811,397,2,0.01086
20210812,479,4,0.04641
20210813,513,1,0.03075
20210814,99,1,0.04705
20210815,160,1,-0.02194
20210816,929,1,0.03564
20210817,1002,1,0.01699
20210818,982,1,0.02974
20210819,1068,1,-0.00073
20210820,549,1,0.00607
20210821,68,1,0.06343
20210822,148,1,0.08502
20210823,711,1,0.04689
20210824,534,3,0.03394
20210825,661,2,-0.01287
20210826,710,1,0.01341
20210827,628,1,0.03373
20210828,82,1,-0.00038
20210829,136,1,0.03566
20210830,648,1,0.04238
20210831,637,1,0.05329
20210901,576,1,0.00765
20210902,606,1,0.01098
20210903,542,1,0.01834
20210904,68,1,0.08347
20210905,66,2,0.1756
20210906,195,2,0.07677
20210907,590,2,0.01431
20210908,626,2,-0.00773
20210909,679,1,-0.02268
20210910,729,1,0.02653
20210911,104,1,0.0071
20210912,155,1,0.03215
20210913,656,1,-0.00459
20210914,817,1,0.00464
20210915,662,1,0.03878
20210916,591,2,0.03247
20210917,909,1,0.01248
20210918,82,1,0.01306
20210919,268,1,0.00832
20210920,1427,1,0.03541
20210921,815,1,0.00296
20210922,651,1,0.03825
20210923,674,1,0.03551
20210924,517,1,0.03592
20210925,51,1,0.06848
20210926,148,1,0.09949
20210927,485,1,0.06326
20210928,870,1,-0.02664
20210929,536,1,0.00234
20210930,744,1,-0.0102
20211001,616,1,0.00575
20211002,53,2,0.19593
20211003,117,1,0.03647
20211004,661,1,0.02805
20211005,522,1,-0.00753
20211006,711,1,0.02107
20211007,592,1,0.06078
20211008,516,1,-0.04343
20211009,106,1,-0.10766
20211010,185,1,-0.05007
20211011,501,1,-0.01948
20211012,574,1,-0.04353
20211013,484,1,0.00644
20211014,578,1,0.01911
20211015,378,1,-0.0722
20211016,62,1,-0.11409
20211017,146,1,-0.01647
20211018,414,1,-0.0168
20211019,470,2,0.01038
20211020,487,1,-0.00219
20211021,481,2,0.01585
20211022,409,1,-0.00779
20211023,35,2,0.08787
20211024,109,1,0.00411
20211025,329,2,0.02204
20211026,476,2,0.0105
20211027,507,2,-0.01557
20211028,431,3,-0.01004
20211029,442,2,0.00579
20211030,55,2,0.13878
20211031,98,2,-0.0039
20211101,343,3,-0.01039
20211102,356,4,0.02399
20211103,623,1,0.02477
20211104,453,3,0.03065
20211105,721,1,0.04725
20211106,152,2,0.03928
20211107,249,2,0.05196
20211108,575,2,-0.00922
20211109,513,2,0.01591
20211110,595,1,-0.0055
20211111,411,1,0.0458
20211112,471,1,0.038
20211113,61,1,-0.08842
20211114,123,2,0.05428
20211115,425,2,0.01087
20211116,406,3,0.03603
20211117,398,4,-0.03187
20211118,411,2,0.01539
20211119,395,1,0.00096
20211120,44,1,-0.03684
20211121,89,2,0.01092
20211122,509,1,0.03872
20211123,480,1,0.03895
20211124,360,1,0.03916
20211125,146,1,0.00159
20211126,582,1,0.00565
20211127,141,1,-0.04219
20211128,291,1,0.00937
20211129,495,1,-0.01084
20211130,687,1,-0.00101
20211201,857,1,0.00977
20211202,644,1,0.00683
20211203,703,1,-0.01557
20211204,78,1,-0.02444
20211205,200,1,0.04068
20211206,586,1,0.0197
20211207,671,1,0.02123
20211208,416,2,-0.01367
20211209,418,2,-0.00585
20211210,462,1,0.01774
20211211,48,2,0.0115
20211212,167,1,-0.01386
20211213,384,3,0.00811
20211214,536,1,0.00441
20211215,692,1,0.01308
20211216,660,1,0
20211217,477,1,-0.01886
20211218,99,1,-0.01986
20211219,219,1,-0.06464
20211220,637,1,0.03805
20211221,540,1,0.02145
20211222,465,1,0.05271
20211223,420,1,0.05219
20211224,81,1,-0.00393
20211225,38,1,-0.01103
20211226,126,1,0.05651
20211227,593,1,0.07224
20211228,567,1,0.01307
20211229,479,1,-0.02817
20211230,468,1,-0.00731
20211231,172,1,-0.03372
20220101,71,1,0.08399
20220102,130,2,-0.01457
20220103,330,2,0.02021
20220104,379,2,-0.00552
20220105,578,1,0.01352
20220106,471,2,0.01619
20220107,413,2,-0.00145
20220108,67,1,-0.03244
20220109,158,1,0.01121
20220110,632,1,0.02505
20220111,523,1,0.04244
20220112,485,1,0.05536
20220113,599,1,0.00844
20220114,498,1,0.00349
20220115,56,1,0.00329
20220116,66,1,-0.00306
20220117,139,1,0.07543
20220118,649,1,0.0307
20220119,613,1,-0.00557
20220120,835,1,-0.00385
20220121,939,1,0.00452
20220122,177,1,0.05052
20220123,267,1,-0.00864
20220124,1320,1,-0.00557
20220125,934,2,-0.0118
20220126,944,2,0.02094
20220127,766,2,0.01828
20220128,780,1,-0.05566
20220129,103,1,-0.04236
20220130,176,1,-0.03796
20220131,491,1,0.00469
20220201,542,2,-0.02363
20220202,655,1,0.02039
20220203,595,3,0.01167
20220204,544,1,-0.02179
20220205,63,1,0.1051
20220206,106,1,0.06625
20220207,369,1,-0.03188
20220208,340,2,0.00365
20220209,447,2,0.00341
20220210,755,1,0.01221
20220211,700,1,-0.02884
20220212,79,1,0.01097
20220213,107,1,0.0765
20220214,452,1,-0.02597
20220215,415,2,-0.06291
20220216,439,2,-0.01753
20220217,575,1,-0.02533
20220218,534,1,-0.05313
20220219,83,1,-0.1078
20220220,101,1,-0.02829
20220221,314,1,0.01265
20220222,666,1,-0.00483
20220223,870,1,0.00277
20220224,817,1,-0.00257
20220225,548,1,0.00447
20220226,65,1,-0.01354
20220227,218,1,-0.05789
20220228,464,1,-0.00766
20220301,471,1,-0.00246
20220302,432,1,-0.00779
20220303,434,1,-0.03229
20220304,433,1,-0.00845
20220305,52,1,-0.14993
20220306,153,1,-0.04199
20220307,662,1,-0.01818
20220308,672,1,-0.00804
20220309,536,1,0.00992
20220310,404,1,-0.07145
20220311,489,1,-0.0416
20220312,78,1,-0.02048
20220313,154,1,0.0104
20220314,440,1,-0.07646
20220315,399,2,-0.03511
20220316,563,1,0.00108
20220317,431,2,-0.03733
20220318,430,1,-0.01776
20220319,55,1,-0.01657
20220320,112,1,-0.01248
20220321,329,1,0.01332
20220322,450,3,-0.00887
20220323,419,3,-0.00836
20220324,400,3,-0.04858
20220325,385,3,-0.0535
20220326,41,2,-0.30252
20220327,85,2,0.09599
20220328,280,4,-0.03219
20220329,385,3,0.05239
20220330,355,2,-0.02661
20220331,375,3,-0.00701
20220401,323,2,-0.02654
20220402,26,3,0.01298
20220403,39,5,0.00124
20220404,258,3,-0.03765
20220405,340,1,0.00093
20220406,439,1,0.02797
20220407,412,1,-0.02785
20220408,312,1,-0.01349
20220409,36,1,0.12275
20220410,85,1,-0.00822
20220411,371,1,0.02688
20220412,389,1,-0.00449
20220413,339,1,-0.01543
20220414,245,1,-0.04682
20220415,35,3,-0.19069
20220416,18,2,-0.17046
20220417,66,1,-0.0154
20220418,305,1,-0.02561
20220419,357,2,-0.00643
20220420,417,3,-0.05776
20220421,434,3,0.0234
20220422,616,1,-0.00432
20220423,54,2,-0.01134
20220424,140,1,-0.01657
20220425,511,1,0.00789
20220426,637,2,0.00623
20220427,493,1,0.00945
20220428,553,3,0.00293
20220429,693,1,-0.01775
20220430,95,1,-0.01818
20220501,177,1,0.03053
20220502,692,1,-0.00108
20220503,436,2,-0.02091
20220504,692,1,0.00749
20220505,823,1,0.01799
20220506,663,1,-0.03583
20220507,87,1,-0.09603
20220508,175,1,-0.08664
20220509,1188,1,0.01301
20220510,596,1,-0.02503
20220511,662,1,0.00168
20220512,632,2,-0.02348
20220513,590,1,-0.00392
20220514,68,1,-0.11791
20220515,131,1,0.01186
20220516,451,1,-0.02733
20220517,430,1,-0.01458
20220518,746,1,0.0043
20220519,559,1,-0.00688
20220520,626,2,-0.06459
20220521,89,1,-0.06629
20220522,141,1,0.01895
20220523,473,2,-0.01138
20220524,502,1,-0.03409
20220525,478,3,-0.01289
20220526,611,2,-0.02797
20220527,476,1,-0.03936
20220528,60,1,-0.15818
20220529,49,1,0.03604
20220530,132,1,0.0694
20220531,356,1,0.00095
20220601,350,2,-0.00469
20220602,408,1,-0.04715
20220603,377,2,0.00509
20220604,48,2,-0.15972
20220605,68,2,0.02316
20220606,307,2,0.00902
20220607,330,2,-0.00614
20220608,331,2,-0.02577
20220609,518,1,0.01422
20220610,679,1,-0.0058
20220611,62,1,-0.05864
20220612,239,1,0.01463
20220613,776,1,0.01731
20220614,538,1,-0.03809
20220615,595,1,-0.02449
20220616,777,1,-0.00702
20220617,457,1,-0.07933
20220618,138,1,-0.08211
20220619,73,1,0.02121
20220620,176,1,0.0012
20220621,441,1,-0.00352
20220622,444,1,-0.03837
20220623,451,1,-0.0452
20220624,506,1,0.00025
20220625,58,1,-0.12729
20220626,122,1,-0.02179
20220627,355,1,-0.01432
20220628,486,1,-0.01081
20220629,436,1,-0.0563
20220630,498,1,-0.00642
20220701,344,1,-0.07678
20220702,44,2,-0.04393
20220703,58,1,-0.15316
20220704,79,1,-0.02035
20220705,414,1,-0.03052
20220706,347,2,-0.06412
20220707,381,2,-0.05577
20220708,408,1,-0.08079
20220709,27,2,-0.03354
20220710,116,1,-0.07831
20220711,292,1,-0.01231
20220712,374,1,0.02583
20220713,566,1,-0.02694
20220714,450,1,-0.01606
20220715,438,1,-0.10157
20220716,66,1,-0.0999
20220717,120,1,-0.06279
20220718,431,1,-0.00002
20220719,654,1,-0.02596
20220720,430,2,0.0024
20220721,488,3,-0.02704
20220722,412,2,-0.06485
20220723,38,2,-0.15393
20220724,85,1,0.02204
20220725,402,1,-0.01459
20220726,379,2,-0.02201
20220727,540,1,-0.00336
20220728,602,1,-0.03324
20220729,402,1,-0.0526
20220730,55,1,-0.07547
20220731,96,1,-0.01818
20220801,317,2,-0.05353
20220802,270,3,0.01575
20220803,407,1,0.00556
20220804,370,1,0.00015
20220805,319,3,-0.06095
20220806,26,3,-0.29322
20220807,58,2,0.01561
20220808,353,1,0.04381
20220809,366,1,0.00058
20220810,510,1,0.0299
20220811,425,1,-0.02312
20220812,418,1,-0.01299
20220813,62,1,-0.13445
20220814,71,1,0.05217
20220815,347,2,-0.01039
20220816,379,3,-0.00372
20220817,411,1,0.01671
20220818,349,3,0.02731
20220819,380,2,-0.06274
20220820,71,3,0.02162
20220821,104,1,0.00217
20220822,436,2,0.02689
20220823,373,1,0.00494
20220824,362,2,-0.02908
20220825,333,2,-0.00939
20220826,617,1,-0.00413
20220827,139,1,0.005
20220828,170,1,0.00747
20220829,460,1,-0.0214
20220830,466,1,-0.0222
20220831,535,1,-0.02204
20220901,448,1,-0.03832
20220902,472,1,-0.01855
20220903,62,1,-0.04251
20220904,49,2,-0.15589
20220905,129,1,-0.06907
20220906,471,1,0.02632
20220907,394,1,-0.04264
20220908,501,1,-0.01577
20220909,466,1,-0.05183
20220910,54,1,-0.09116
20220911,96,1,0.0518
20220912,371,1,0.00228
20220913,701,1,0.01423
20220914,412,1,-0.01672
20220915,484,1,-0.00147
20220916,405,1,-0.01578
20220917,61,1,-0.00191
20220918,75,1,-0.04261
20220919,392,1,0.02218
20220920,420,1,-0.03066
20220921,662,1,-0.00702
20220922,488,1,-0.02387
20220923,650,1,-0.00906
20220924,71,1,-0.00988
20220925,151,1,-0.01168
20220926,512,1,0.00579
20220927,623,1,0.00084
20220928,612,1,-0.03032
20220929,596,1,-0.01987
20220930,521,1,-0.06192
20221001,94,1,-0.18483
20221002,122,2,-0.02051
20221003,527,1,0.02426
20221004,584,1,-0.01006
20221005,495,1,-0.03162
20221006,403,1,-0.0257
20221007,519,1,-0.02071
20221008,85,1,-0.20317
20221009,97,1,-0.10845
20221010,375,1,0.01873
20221011,484,1,-0.00278
20221012,560,1,-0.01886
20221013,967,1,0.01818
20221014,572,1,-0.04763
20221015,76,1,-0.23005
20221016,99,1,-0.0447
20221017,487,1,0.00625
20221018,583,1,0.00868
20221019,335,2,-0.03062
20221020,477,2,-0.04056
20221021,505,1,-0.04878
20221022,66,1,-0.17025
20221023,86,1,0.01739
20221024,437,1,-0.00733
20221025,469,1,0.01486
20221026,524,2,-0.02914
20221027,534,4,-0.00724
20221028,467,1,-0.04811
20221029,62,1,-0.2188
20221030,73,2,-0.05752
20221031,228,2,-0.00124
20221101,342,3,-0.02635
20221102,645,1,-0.01384
20221103,475,1,-0.00189
20221104,479,1,0.01356
20221105,54,1,-0.20638
20221106,99,1,-0.01178
20221107,325,1,-0.01794
20221108,420,1,-0.02181
20221109,382,1,-0.03308
20221110,693,1,0.0095
20221111,473,1,-0.07445
20221112,61,1,-0.15235
20221113,124,1,0.06415
20221114,414,1,0.02075
20221115,592,1,-0.00922
20221116,416,2,0.01319
20221117,415,1,-0.00022
20221118,377,1,-0.06818
20221119,49,1,-0.31098
20221120,124,1,-0.35548
20221121,304,2,-0.04931
20221122,364,1,-0.01316
20221123,312,1,-0.00064
20221124,71,1,-0.20928
20221125,189,1,-0.16855
20221126,40,1,-0.15622
20221127,88,1,-0.0178
20221128,320,1,-0.02259
20221129,295,1,-0.03695
20221130,587,1,0.04728
20221201,325,1,-0.03717
20221202,333,1,-0.02986
20221203,55,1,-0.1626
20221204,66,1,-0.0584
20221205,325,1,-0.01739
20221206,399,1,-0.00608
20221207,341,1,-0.03118
20221208,302,1,-0.05863
20221209,368,1,-0.07085
20221210,39,1,-0.1117
20221211,75,1,-0.00617
20221212,427,1,0.00185
20221213,535,1,0.01354
20221214,456,1,-0.07178
20221215,440,1,-0.0139
20221216,415,1,-0.01971
20221217,37,2,-0.11014
20221218,64,2,0.04261
20221219,389,2,0.00738
20221220,341,2,0.01978
20221221,278,2,-0.01514
20221222,465,2,0.01062
20221223,290,2,-0.03233
20221224,45,1,-0.15067
20221225,31,1,-0.29026
20221226,95,1,-0.06431
20221227,252,2,-0.03925
20221228,311,2,-0.01844
20221229,338,2,0.01791
20221230,322,1,-0.04801
20221231,36,2,-0.29421
20230101,38,2,0.01096
20230102,98,2,-0.01487
20230103,302,2,0.04948
20230104,347,1,0.02525
20230105,362,1,-0.0454
20230106,458,2,-0.03791
20230107,53,1,-0.12545
20230108,83,1,0.00958
20230109,389,1,0.02534
20230110,300,1,-0.02456
20230111,466,1,0.01732
20230112,470,1,-0.04825
20230113,343,1,-0.07307
20230114,33,1,-0.37458
20230115,24,1,-0.01125
20230116,86,1,-0.08708
20230117,336,1,-0.00123
20230118,427,1,-0.00592
20230119,347,2,-0.05198
20230120,315,1,-0.02926
20230121,49,1,-0.0979
20230122,84,1,-0.1202
20230123,396,1,0.01342
20230124,477,2,-0.01893
20230125,467,2,0.01489
20230126,419,1,-0.05415
20230127,413,2,-0.04207
20230128,42,1,-0.0922
20230129,106,1,0.05339
20230130,334,1,0.00001
20230131,392,1,0.00107
20230201,565,1,0.02041
20230202,562,1,-0.0162
20230203,477,1,-0.06795
20230204,92,1,-0.07142
20230205,100,1,-0.07127
20230206,323,1,-0.02598
20230207,424,1,-0.01918
20230208,324,2,-0.04056
20230209,368,2,-0.01371
20230210,281,1,-0.10008
20230211,48,1,-0.03026
20230213,230,2,0.00664
20230214,380,1,-0.03619
20230215,332,1,-0.02966
20230216,424,2,0.01335
20230217,319,1,-0.03094
20230218,25,1,0.06296
20230219,42,1,-0.16232
20230220,81,1,0.0649
20230221,319,1,0.02778
20230222,323,2,-0.00322
20230223,318,2,0.0152
20230224,366,1,-0.00579
20230225,56,1,-0.26714
20230226,65,1,-0.01484
20230227,268,1,-0.0339
20230228,328,1,-0.0302
20230301,290,2,-0.01429
20230302,330,1,-0.05261
20230303,331,1,-0.00849
20230304,45,1,-0.07305
20230305,59,1,-0.0631
20230306,276,1,-0.04814
20230307,350,1,0.02072
20230308,278,2,-0.03607
20230309,416,1,-0.02557
20230310,434,1,-0.04022
20230311,85,1,-0.05914
20230312,193,1,-0.01153
20230313,500,1,-0.00704
20230314,288,1,-0.01762
20230315,425,1,-0.00441
20230316,339,2,-0.03062
20230317,320,2,-0.05234
20230318,46,2,-0.15424
20230319,126,2,0.04907
20230320,268,1,-0.02624
20230321,370,2,-0.02549
20230322,491,2,-0.00634
20230323,437,2,0.00817
20230324,397,1,-0.04891
20230325,36,1,-0.17977
20230326,102,1,-0.01744
20230327,276,1,0.00259
20230328,308,1,-0.0111
20230329,394,1,-0.02006
20230330,361,1,-0.06197
20230331,396,1,-0.07579
20230401,46,1,-0.24422
20230402,74,2,-0.09545
20230403,383,1,-0.008
20230404,263,1,-0.02343
20230405,265,1,-0.03027
20230406,196,1,-0.10141
20230407,46,1,-0.09915
20230408,12,2,-0.11974
20230409,42,1,0.01892
20230410,191,2,0.0078
20230411,318,1,0.0412
20230412,327,1,-0.04229
20230413,346,1,-0.03463
20230414,312,1,-0.00986
20230415,38,1,-0.05366
20230416,44,1,-0.11521
20230417,206,1,-0.00506
20230418,275,3,0.02795
20230419,271,2,-0.03375
20230420,241,2,0.01066
20230421,214,1,-0.04948
20230422,21,1,0.09234
20230423,35,1,-0.03028
20230424,197,1,0.02346
20230425,279,2,0.00855
20230426,215,2,-0.05068
20230427,278,3,0.0096
20230428,307,1,-0.0499
20230429,36,1,-0.1116
20230430,50,1,0.03576
20230501,252,2,-0.05103
20230502,278,2,0.02651
20230503,383,1,0.00028
20230504,312,4,-0.01292
20230505,247,1,-0.04497
20230506,20,1,-0.01044
20230507,44,2,0.00522
20230508,196,1,-0.06141
20230509,181,1,-0.02998
20230510,275,1,-0.03891
20230511,248,1,-0.04145
20230512,232,2,-0.02449
20230513,21,1,-0.30156
20230514,42,1,0.13271
20230515,223,1,-0.0052
20230516,260,2,0.00288
20230517,280,2,0.03042
20230518,336,3,-0.00507
20230519,279,1,-0.05228
20230520,30,1,-0.07663
20230521,64,1,-0.03855
20230522,225,1,0.00039
20230523,225,1,-0.00933
20230524,310,3,-0.01553
20230525,251,3,-0.01836
20230526,261,3,-0.02232
20230527,51,3,-0.04582
20230528,47,3,0.01242
20230529,66,3,0.01999
20230530,212,3,-0.02228
20230531,239,3,-0.05763
20230601,276,2,-0.00931
20230602,366,1,0.02873
20230603,40,1,-0.04186
20230604,44,1,0.03859
20230605,365,2,0.01574
20230606,239,1,-0.02029
20230607,306,1,0.00392
20230608,246,3,0.01653
20230609,267,2,-0.05662
20230610,28,2,-0.01059
20230611,55,2,0.01987
20230612,267,1,0.0171
20230613,355,1,0.03325
20230614,391,2,-0.0054
20230615,514,1,0.04238
20230616,335,1,-0.01947
20230617,28,1,0.08287
20230618,25,2,0.01342
20230619,72,1,-0.0545
20230620,306,2,0.05271
20230621,267,2,-0.00377
20230622,304,1,-0.04593
20230623,230,1,-0.0187
20230624,41,1,-0.06776
20230625,44,1,0.10144
20230626,233,1,0.00949
20230627,219,2,-0.0661
20230628,236,2,0.00374
20230629,215,2,-0.05527
20230630,287,1,0.03728
20230701,41,1,0.23348
20230702,42,2,0.07317
20230703,101,2,0.03511
20230704,21,2,0.0772
20230705,208,1,-0.0345
20230706,238,2,0.03158
20230707,236,2,0.01337
20230708,28,1,-0.20327
20230709,51,2,0.02857
20230710,181,2,0.01587
20230711,209,1,-0.0103
20230712,307,1,0.03251
20230713,396,1,0.04192
20230714,241,2,0.00762
20230715,25,4,-0.13786
20230716,45,2,0.02638
20230717,236,1,0.02726
20230718,324,1,0.0334
20230719,321,3,0.01715
20230720,296,3,-0.03157
20230721,181,2,-0.03741
20230722,32,1,-0.11807
20230723,43,3,-0.14852
20230724,190,2,-0.01853
20230725,206,5,-0.00459
20230726,232,1,-0.02025
20230727,397,1,-0.01094
20230728,269,1,-0.01252
20230729,27,1,-0.02154
20230730,66,1,0.08292
20230731,221,1,0.0451
20230801,295,2,-0.02314
20230802,283,2,-0.00969
20230803,317,2,0.04636
20230804,308,1,-0.03458
20230805,22,1,-0.0578
20230806,61,1,-0.00494
20230807,244,2,-0.02729
20230808,228,1,0.04357
20230809,221,2,-0.00029
20230810,332,1,0.01597
20230811,268,1,-0.05329
20230812,19,3,-0.10979
20230813,33,2,0.06686
20230814,180,2,-0.0337
20230815,213,2,0.01698
20230816,271,1,0.03833
20230817,344,1,-0.00561
20230818,267,1,-0.0448
20230819,31,2,-0.23876
20230820,52,2,-0.08076
20230821,193,2,-0.01058
20230822,205,2,0.03659
20230823,243,3,0.05671
20230824,295,2,0.0147
20230825,227,2,-0.05319
20230826,21,2,-0.18288
20230827,36,2,0.01521
20230828,155,2,0.05905
20230829,245,1,0.02924
20230830,243,2,0.04063
20230831,201,2,-0.02046
20230901,172,2,-0.11576
20230902,15,3,-0.09713
20230903,20,1,0.03915
20230904,43,2,0.02047
20230905,143,2,-0.00773
20230906,143,2,0.02852
20230907,148,2,0.02652
20230908,136,1,-0.05697
20230909,16,1,0.02459
20230910,25,3,-0.13683
20230911,121,4,-0.00827
20230912,125,4,-0.02037
20230913,193,1,-0.02246
20230914,255,2,-0.03137
20230915,175,1,-0.03191
20230916,22,2,-0.05994
20230917,43,1,-0.10047
20230918,148,2,0.00431
20230919,198,1,0.01185
20230920,264,1,0.00304
20230921,273,1,0.02099
20230922,217,1,-0.05103
20230923,29,1,-0.03952
20230924,68,1,0.10495
20230925,195,1,-0.01358
20230926,266,1,-0.0152
20230927,263,1,-0.01787
20230928,188,1,0.03507
20230929,184,1,-0.07804
20230930,32,1,-0.17292
20231001,58,1,0.03793
20231002,242,1,0.01588
20231003,304,1,-0.01765
20231004,206,1,-0.04626
20231005,226,1,-0.07286
20231006,294,1,0.00464
20231007,30,1,-0.2985
20231008,81,1,-0.01382
20231009,221,1,-0.00094
20231010,217,1,-0.02759
20231011,213,1,-0.07038
20231012,307,1,-0.0564
20231013,235,1,-0.02073
20231014,20,1,-0.26871
20231015,38,1,0.0456
20231016,186,1,-0.02222
20231017,223,2,0.00042
20231018,226,3,-0.011
20231019,336,1,-0.03904
20231020,289,1,-0.01554
20231021,26,1,0.13517
20231022,45,1,-0.04701
20231023,197,1,0.0526
20231024,207,2,-0.00543
20231025,323,1,0.00208
20231026,307,1,0.03445
20231027,321,1,-0.06246
20231028,36,1,-0.15574
20231029,33,1,-0.10381
20231030,168,2,-0.02694
20231031,172,2,-0.05569
20231101,272,1,-0.00389
20231102,302,2,0.01883
20231103,279,1,0.01033
20231104,25,1,-0.11334
20231105,49,1,-0.12784
20231106,197,1,-0.00234
20231107,186,1,-0.02662
20231108,225,1,0.00478
20231109,214,3,-0.04641
20231110,204,1,-0.06347
20231111,22,1,-0.43944
20231112,88,1,0.00521
20231113,231,1,-0.0014
20231114,403,1,-0.00941
20231115,263,1,0.00831
20231116,270,1,0.00735
20231117,250,1,-0.01912
20231118,23,3,-0.04562
20231119,35,4,-0.06071
20231120,215,2,0.02159
20231121,209,2,0.00819
20231122,178,2,0.03775
20231123,8,3,-0.05114
20231124,80,2,0.00903
20231125,18,2,-0.19574
20231126,57,1,-0.00106
20231127,197,1,-0.04324
20231128,184,1,-0.02067
20231129,199,1,-0.01739
20231130,250,1,0.03178
20231201,252,1,0.01485
20231202,26,1,0.05429
20231203,76,1,0.00393
20231204,211,1,0.01303
20231205,234,1,-0.05769
20231206,236,1,-0.03292
20231207,196,1,-0.00124
20231208,200,1,-0.03724
20231209,18,1,-0.08961
20231210,44,1,0.06493
20231211,186,1,-0.01612
20231212,302,1,-0.01722
20231213,398,1,0.02053
20231214,356,1,0.02254
20231215,223,1,-0.07272
20231216,13,1,-0.03965
20231217,55,1,0.16851
20231218,216,1,0.05217
20231219,309,1,0.06116
20231220,454,1,0.01916
20231221,333,1,0.02248
20231222,251,1,-0.03268
20231223,22,1,0.02308
20231224,14,2,-0.00486
20231225,4,1,0.22858
20231226,199,1,0.04146
20231227,249,1,-0.00935
20231228,229,2,-0.02135
20231229,189,2,0.01493
20231230,17,1,-0.20634
20231231,14,1,-0.17374
20240101,50,2,-0.0662
20240102,318,1,-0.01964
20240103,269,1,0.02023
20240104,210,1,-0.0415
20240105,202,1,-0.006
20240106,10,3,-0.13263
20240107,43,2,0.03465
20240108,204,3,-0.00531
20240109,250,2,-0.00693
20240110,318,2,0.04724
20240111,298,2,-0.02854
20240112,204,3,0.00559
20240113,19,1,-0.04088
20240114,28,2,-0.0899
20240115,41,3,-0.01572
20240116,191,4,-0.00059
20240117,220,2,-0.01733
20240118,218,3,0.0374
20240119,369,2,0.00464
20240120,30,4,0.12082
20240121,102,4,0.07828
20240122,227,3,0.04303
20240123,275,2,0.00227
20240124,306,5,0.02839
20240125,248,4,0.00521
20240126,150,2,-0.05845
20240127,24,4,0.0872
20240128,45,5,0.05085
20240129,370,1,0.01687
20240130,324,3,0.01402
20240131,279,1,0.01058
20240201,316,4,0.02197
20240202,382,3,0.03254
20240203,42,2,-0.0965
20240204,89,2,0.00399
20240205,296,5,0.00843
20240206,282,5,0.01443
20240207,484,2,0.01429
20240208,437,3,-0.0165
20240209,600,2,0.00036
20240210,29,3,0.02327
20240211,68,2,0.06547
20240212,289,3,0.04156
20240213,495,2,0.0461
20240214,205,3,-0.00629
20240215,308,3,0.06028
20240216,510,3,-0.02083
20240217,47,4,0.00299
20240218,43,4,0.12738
20240219,85,4,0.06252
20240220,342,3,0.01271
20240221,542,3,0.00967
20240222,681,3,0.039
20240223,429,4,0.02756
20240224,43,5,-0.06344
20240225,76,4,0.03195
20240226,322,3,0.00995
20240227,302,4,-0.01568
20240228,373,4,-0.02108
20240229,398,5,-0.00502
20240301,427,3,0.0343
20240302,42,4,-0.07478
20240303,87,5,0.0614
20240304,345,3,0.01046
20240305,369,3,0.03124
20240306,451,2,0.01447
20240307,324,7,0.04639
20240308,421,3,-0.01557
20240309,52,3,0.21104
20240310,96,4,-0.00458
20240311,387,3,0.01104
20240312,450,2,-0.00193
20240313,387,3,-0.03761
20240314,459,2,-0.01627
20240315,353,2,-0.01592
20240316,31,4,0.04358
20240317,68,2,0.05819
20240318,307,5,-0.01644
20240319,377,2,-0.00664
20240320,574,2,0.01773
20240321,429,3,0.0015
20240322,300,2,-0.02397
20240323,26,3,-0.15642
20240324,78,3,0.01368
20240325,300,3,-0.01707
20240326,303,4,-0.02652
20240327,383,3,-0.02788
20240328,393,3,-0.0033
20240329,30,6,-0.11772
20240330,10,13,-0.08683
20240331,96,2,0.03851
20240401,311,3,-0.03029
20240402,419,1,0.03676
20240403,408,1,-0.0147
20240404,660,1,0.02188
20240405,548,1,0.01395
20240406,37,2,-0.13338
20240407,82,2,0.00602
20240408,337,1,-0.00713
20240409,505,1,0.0289
20240410,709,1,0.02673
20240411,625,1,-0.06116
20240412,577,1,0.01467
20240413,114,1,-0.05118
20240414,142,1,-0.02318
20240415,723,1,0.01893
20240416,659,1,-0.00707
20240417,597,1,0.00997
20240418,705,2,0.01199
20240419,597,2,0.00066
20240420,29,5,-0.01714
20240421,88,3,-0.01119
20240422,479,2,0.00908
20240423,481,2,0.02759
20240424,565,3,0.01071
20240425,596,2,-0.00766
20240426,388,2,-0.01224
20240427,25,3,0.02526
20240428,63,3,0.12285
20240429,328,2,-0.00952
20240430,433,3,-0.03538
20240501,618,1,0.00623
20240502,454,2,-0.01071
20240503,355,1,0.02636
20240504,23,3,0.01078
20240505,52,2,0.00128
20240506,347,2,-0.04838
20240507,364,1,-0.04629
20240508,339,1,0.00426
20240509,440,1,-0.01286
20240510,340,1,-0.03877
20240511,28,1,-0.16205
20240512,49,2,0.07172
20240513,301,4,0.04376
20240514,472,4,-0.00507
20240515,635,4,-0.01088
20240516,468,1,-0.01444
20240517,302,2,0.02422
20240518,22,3,-0.02865
20240519,67,3,0.0894
20240520,287,2,-0.00452
20240521,359,2,-0.02135
20240522,475,2,0.04285
20240523,618,2,-0.0374
20240524,344,2,0.00023
20240525,23,3,-0.23371
20240526,25,3,0.01689
20240527,57,3,0.12035
20240528,370,2,-0.03142
20240529,380,2,-0.0005
20240530,322,2,-0.00306
20240531,404,1,-0.00639
20240601,24,2,-0.04785
20240602,76,4,0.0426
20240603,393,3,-0.03499
20240604,373,2,-0.00567
20240605,391,2,-0.01562
20240606,345,2,-0.031
20240607,296,3,-0.07828
20240608,36,3,-0.00516
20240609,62,3,0.09357
20240610,268,4,0.00233
20240611,335,3,-0.03376
20240612,472,3,0.03351
20240613,364,2,-0.01836
20240614,374,2,0.0342
20240615,37,3,-0.1244
20240616,55,4,0.06037
20240617,456,2,0.06302
20240618,297,3,-0.02726
20240619,61,4,0.00639
20240620,355,3,-0.00324
20240621,241,2,-0.00834
20240622,28,3,0.04401
20240623,48,3,0.10956
20240624,370,2,0.03599
20240625,261,3,-0.03349
20240626,248,5,-0.01358
20240627,326,2,-0.04676
20240628,349,2,-0.04208
20240629,21,4,-0.21146
20240630,48,4,0.16718
20240701,245,3,-0.00274
20240702,418,3,-0.01836
20240703,276,3,0.00498
20240704,73,3,-0.00969
20240705,276,3,-0.00546
20240706,27,3,-0.02934
20240707,81,3,0.05585
20240708,312,2,0.0206
20240709,284,3,0.01097
20240710,444,2,0.03955
20240711,528,3,0.06615
20240712,419,1,0.04843
20240713,75,2,-0.03881
20240714,72,4,0.03657
20240715,422,3,0.0696
20240716,376,3,0.05362
20240717,436,2,0.01498
20240718,392,2,-0.00162
20240719,318,3,-0.08223
20240720,31,3,-0.01716
20240721,120,2,0.06336
20240722,323,3,0.00711
20240723,344,3,0.01501
20240724,572,1,0.01655
20240725,475,2,0.02672
20240726,297,2,-0.02137
20240727,29,2,-0.12673
20240728,73,2,0.06447
20240729,277,2,-0.00511
20240730,308,5,0.01234
20240731,399,3,0.00158
20240801,446,4,0.021
20240802,468,2,-0.02292
20240803,64,3,-0.043
20240804,204,2,-0.02749
20240805,819,2,0.02448
20240806,596,3,-0.01267
20240807,573,2,-0.00817
20240808,485,2,0.02831
20240809,350,2,-0.06369
20240810,40,1,-0.1488
20240811,85,2,-0.0619
20240812,362,2,-0.02389
20240813,318,3,0.00263
20240814,318,2,-0.00864
20240815,368,3,0.03378
20240816,313,4,0.00934
20240817,29,4,-0.00661
20240818,71,4,-0.00658
20240819,392,4,0.00493
20240820,432,4,0.01519
20240821,463,2,-0.00802
20240822,470,2,0.02217
20240823,467,2,-0.00422
20240824,45,2,-0.15047
20240825,88,2,-0.00414
20240826,408,2,0.00356
20240827,289,2,-0.05891
20240828,465,3,0.00713
20240829,511,2,0.02661
20240830,355,2,-0.00499
20240831,34,2,-0.02844
20240901,22,2,0.01738
20240902,84,2,-0.0246
20240903,424,2,0.01996
20240904,296,2,-0.011
20240905,315,2,-0.01098
20240906,405,2,-0.00458
20240907,25,2,0.00457
20240908,68,2,0.00768
20240909,212,2,-0.01132
20240910,273,2,0.11654
20240911,419,2,0.04963
20240912,409,2,-0.0162
20240913,404,1,-0.02407
20240914,26,2,-0.08142
20240915,64,1,-0.04007
20240916,271,1,0.03131
20240917,406,2,0.00754
20240918,489,1,0.00092
20240919,515,1,0.01454
20240920,259,1,0.00142
20240921,28,1,-0.29219
20240922,64,2,0.03769
20240923,237,1,0.02796
20240924,289,2,0.01639
20240925,311,3,0.02017
20240926,296,3,0.02627
20240927,264,2,-0.02735
20240928,41,2,-0.07777
20240929,67,1,-0.05931
20240930,295,1,0.05648
20241001,332,1,0.00803
20241002,277,2,0.0373
20241003,328,2,0.02865
20241004,227,1,-0.01654
20241005,21,3,-0.0414
20241006,46,2,0.0055
20241007,277,2,-0.0202
20241008,261,2,0.02089
20241009,392,1,0.0142
20241010,296,3,-0.00798
20241011,334,2,-0.00316
20241012,24,3,-0.05208
20241013,59,2,0.00026
20241014,260,2,0.01368
20241015,246,3,0.03086
20241016,226,2,-0.02485
20241017,229,3,0.00224
20241018,154,2,0.00883
20241019,23,1,-0.08664
20241020,46,2,0.1708
20241021,243,2,0.00426
20241022,236,2,0.01012
20241023,283,3,0.01477
20241024,234,2,-0.0023
20241025,244,2,-0.00359
20241026,16,4,-0.12246
20241027,57,2,0.0171
20241028,133,5,0.02735
20241029,155,6,0.04066
20241030,196,9,0.00743
20241031,306,1,0.01405
20241101,148,3,0.00413
20241102,24,4,-0.16332
20241103,50,4,0.0642
20241104,155,4,-0.00188
20241105,255,3,0.05262
20241106,311,2,0.06421
20241107,305,1,0.01261
20241108,276,2,-0.02688
20241109,25,2,0.14642
20241110,55,5,0.07393
20241111,238,2,-0.02056
20241112,225,4,0.04466
20241113,256,4,-0.03081
20241114,274,4,0.01755
20241115,334,1,-0.00426
20241116,23,2,0.11238
20241117,64,4,0.00732
20241118,166,4,0.00766
20241119,253,3,0.03766
20241120,238,3,0.02226
20241121,217,5,0.03472
20241122,203,5,-0.0292
20241123,17,5,-0.00167
20241124,55,5,0.09687
20241125,294,4,-0.01392
20241126,367,2,0.04105
20241127,236,4,0.01312
20241128,32,4,-0.01831
20241129,120,5,0.00735
20241130,25,2,-0.05052
20241201,55,4,0.09926
20241202,225,4,0.03411
20241203,224,3,-0.01757
20241204,274,3,-0.01724
20241205,233,2,0.01532
20241206,175,5,0.03558
20241207,29,2,0.03463
20241208,47,3,0.08165
20241209,158,6,-0.05458
20241210,183,4,0.03404
20241211,185,4,0.05679
20241212,192,6,0.01853
20241213,262,5,0.02625
20241214,23,4,-0.02762
20241215,68,3,0.00237
20241216,167,6,-0.00915
20241217,233,3,0.02516
20241218,650,2,0.03096
20241219,473,1,-0.01921
20241220,484,1,-0.02482
20241221,65,1,0.02152
20241222,87,1,0.09454
20241223,385,1,0.0326
20241224,353,1,0.13342
20241225,115,1,0.06796
20241226,549,1,-0.0212
20241227,459,1,0.0054
20241228,59,1,-0.04619
20241229,99,2,0.08453
20241230,568,1,0.02159
20241231,420,1,-0.0426
20250101,104,2,-0.01061
20250102,477,2,0.01328
20250103,295,3,0.00562
20250104,31,1,-0.12503
20250105,92,1,0.03584
20250106,428,2,-0.00401
20250107,433,2,-0.01571
20250108,389,1,-0.01427
20250109,127,1,-0.02427
20250110,407,1,-0.00338
20250111,44,1,0.00729
20250112,130,1,0.06779
20250113,379,2,0.02214
20250114,361,2,-0.00813
20250115,389,1,0.04655
20250116,365,1,-0.04664
20250117,374,1,-0.00052
20250118,50,2,-0.03504
20250119,71,1,0.12804
20250120,251,1,0.06031
20250121,342,1,-0.03449
20250122,352,2,-0.0208
20250123,436,1,-0.0028
20250124,433,2,-0.01082
20250125,38,3,-0.17558
20250126,185,3,-0.01183
20250127,589,3,0.04781
20250128,317,3,0.00811
20250129,446,4,-0.00845
20250130,339,3,-0.06393
20250131,600,2,-0.01532
20250201,217,1,0.02521
20250202,449,1,0.00108
20250203,732,2,0.03132
20250204,448,4,-0.02624
20250205,370,3,-0.01582
20250206,411,4,0.03075
20250207,494,2,-0.01636
20250208,57,2,-0.01804
20250209,118,1,0.03516
20250210,345,2,-0.02746
20250211,374,3,-0.03794
20250212,461,3,0.02905
20250213,544,2,-0.0152
20250214,544,1,-0.03017
20250215,45,2,-0.15695
20250216,74,1,0.1471
20250217,102,2,0.06908
20250218,490,1,-0.04919
20250219,249,2,0.00935
20250221,416,1,-0.05233
