20180801,10,4,-0.09335
20180802,12,5,-0.01497
20180803,8,6,0.1219
20180806,3,8,-0.11497
20180807,15,3,0.10955
20180808,15,2,0.01059
20180809,13,4,0.00292
20180810,2,18,0.07985
20180811,2,2,-0.04945
20180812,2,1,0.1063
20180813,6,8,0.27695
20180814,1,26,0
20180815,11,2,-0.03048
20180816,4,11,-0.14587
20180817,9,8,-0.279
20180820,17,5,0.14797
20180821,5,11,0.01808
20180822,2,24,-0.0065
20180823,7,9,-0.16924
20180824,3,18,-0.61027
20180825,1,5,0
20180827,5,13,0.09176
20180828,2,28,-0.07655
20180829,2,33,0
20180830,8,14,-0.0656
20180831,2,28,-0.1875
20180903,7,2,-0.15231
20180904,2,33,-0.34895
20180905,7,20,-0.14163
20180906,10,13,0.07771
20180907,19,8,-0.05286
20180910,9,9,0.1156
20180911,4,19,0.39278
20180912,1,52,0.4215
20180913,4,27,0.01468
20180914,2,37,0
20180917,5,16,-0.174
20180918,18,10,-0.14774
20180919,8,15,0.11559
20180920,3,27,-0.2077
20180921,3,33,0.02283
20180924,3,37,0.08333
20180925,1,62,0.743
20180926,14,12,-0.16596
20180927,27,7,-0.03209
20180928,36,5,0.10946
20180929,18,1,-0.00717
20180930,3,6,0.18563
20181001,51,4,0.10303
20181002,24,10,0.03759
20181003,10,16,0.06681
20181004,31,8,-0.05169
20181005,42,5,0.03681
20181006,2,10,0.29295
20181007,2,5,0.5292
20181008,16,10,0.00837
20181009,15,12,0.05603
20181010,16,15,-0.17048
20181011,6,22,-0.113
20181012,5,21,0.16522
20181013,1,30,0.6046
20181014,1,11,0
20181015,1,40,0.3612
20181016,3,29,0.17557
20181017,11,12,0.1674
20181018,4,26,0.16888
20181019,7,15,0.03044
20181022,2,33,-0.20095
20181023,49,4,0.09339
20181024,83,5,0.08363
20181025,35,8,-0.05502
20181026,70,3,0.06331
20181028,1,7,0.9287
20181029,22,11,-0.06441
20181030,4,26,0.053
20181031,8,19,0.19884
20181101,2,39,0.43275
20181102,8,17,-0.31373
20181104,2,6,-0.10115
20181105,3,25,0.01857
20181107,3,34,-0.41003
20181108,5,24,0.0843
20181109,4,26,0.55835
20181112,3,33,-0.23263
20181113,1,45,0
20181114,6,18,-0.10215
20181115,4,27,0.3766
20181116,6,21,0.21475
20181117,1,16,0
20181118,1,7,0.4019
20181119,14,13,0.03191
20181120,9,22,0.15312
20181121,1,50,0
20181123,3,16,0.18353
20181126,6,14,-0.41797
20181128,5,24,0.02148
20181129,2,39,0.33755
20181130,6,20,-0.00122
20181201,4,11,0.2068
20181202,1,24,0.8402
20181203,8,17,-0.19
20181204,10,18,0.05872
20181206,15,11,-0.02872
20181207,36,7,0.13425
20181208,5,5,0.04978
20181209,6,4,0.3753
20181210,13,11,0.07907
20181211,19,7,0.06388
20181212,4,22,-0.00393
20181213,6,20,-0.33313
20181214,11,13,-0.16583
20181215,2,13,0.3062
20181217,14,12,0.14018
20181218,6,20,0.14183
20181219,4,28,-0.16985
20181220,9,20,0.02452
20181221,14,17,-0.08866
20181223,2,8,0.4429
20181224,5,22,0.22954
20181225,3,5,0.41603
20181226,7,20,-0.04217
20181227,4,25,-0.32343
20181228,21,10,0.13586
20181229,2,12,0
20181230,2,7,0.10435
20181231,1,30,0
20190101,1,6,-0.7876
20190102,33,3,0.01715
20190103,4,24,0.085
20190104,3,42,0.39383
20190106,1,11,0.8434
20190107,13,11,0.1076
20190108,7,16,0.20811
20190109,7,21,0.20234
20190110,4,28,-0.0471
20190111,5,25,-0.17882
20190113,1,22,0.3222
20190114,14,15,0.07479
20190115,4,38,0.11935
20190116,3,40,0
20190117,2,43,-0.2294
20190118,73,3,0.1165
20190119,12,2,0.06663
20190120,6,1,0.10137
20190121,1,15,0
20190122,42,3,0.14581
20190123,42,2,0.07127
20190124,20,10,-0.03516
20190125,5,32,0.01312
20190126,4,7,0.13803
20190127,1,15,0
20190128,9,19,0.22837
20190129,8,23,0.03827
20190130,42,5,-0.02237
20190131,26,11,0.13846
20190201,6,26,0.1493
20190202,1,34,0.264
20190204,12,14,0.13047
20190205,10,19,0.1588
20190206,6,26,0.06267
20190207,4,30,-0.20375
20190208,2,58,0.13755
20190209,2,11,-0.34735
20190210,2,6,0.38725
20190211,6,16,-0.20582
20190212,6,24,0.17412
20190213,7,20,-0.07294
20190214,1,75,0.8357
20190215,3,40,-0.14237
20190218,2,15,-0.064
20190219,2,43,0.1618
20190220,7,19,-0.19036
20190221,23,7,-0.00415
20190222,6,29,-0.01945
20190223,4,9,-0.13455
20190225,5,30,-0.00852
20190226,25,4,-0.0579
20190227,62,3,0.13875
20190228,96,2,0.09125
20190301,139,1,0.07016
20190302,7,4,0.27507
20190303,6,1,-0.03805
20190304,101,2,0.09838
20190305,109,1,0.04005
20190306,47,2,-0.02081
20190307,53,3,0.2087
20190308,48,3,0.04416
20190309,4,3,0.71823
20190310,2,7,0.17235
20190311,13,10,-0.24863
20190312,16,9,-0.01047
20190313,26,5,-0.05409
20190314,40,4,0.01064
20190315,46,4,0.04949
20190316,7,4,0.20709
20190317,3,4,0.3332
20190319,47,5,0.13565
20190320,20,8,0.10419
20190321,21,13,-0.02828
20190322,20,11,0.03938
20190323,4,4,0.08085
20190324,4,4,0.22438
20190325,23,4,-0.1023
20190326,18,10,-0.16314
20190327,17,9,0.15909
20190328,16,5,-0.0115
20190329,23,7,0.15807
20190330,4,4,0.51135
20190331,5,3,0.10578
20190401,33,5,0.07938
20190402,18,9,-0.09138
20190403,31,5,0.02986
20190404,119,2,0.08085
20190405,54,4,0.01003
20190407,5,3,0.12434
20190408,30,5,0.02903
20190409,13,12,-0.08398
20190410,29,6,0.17534
20190411,20,8,-0.09309
20190412,19,15,0.13055
20190413,7,7,0.1279
20190414,2,11,-0.012
20190415,43,4,-0.00917
20190416,44,9,-0.0247
20190417,21,14,0.07307
20190418,30,8,0.01523
20190419,15,2,0.09379
20190420,9,2,0.00833
20190421,1,12,0
20190422,61,2,0.06971
20190423,21,12,0.26794
20190424,94,2,0.03679
20190425,79,6,0.04342
20190426,164,2,0.03267
20190427,20,4,0.01704
20190428,20,2,0.05358
20190429,81,3,0.04321
20190430,21,16,0.04984
20190501,67,7,0.00263
20190502,92,5,0.0817
20190503,54,4,0.13434
20190504,4,9,0.2982
20190505,2,25,0.012
20190506,22,12,0.05805
20190507,18,19,0.05403
20190508,8,23,-0.07255
20190509,7,26,0.01729
20190510,23,13,0.02272
20190511,6,6,0.33388
20190512,2,9,-0.20095
20190513,29,9,-0.04571
20190514,13,15,-0.13952
20190515,8,26,0.13927
20190516,21,12,0.11729
20190517,126,2,0.02903
20190518,18,2,0.04921
20190519,8,3,-0.23858
20190520,105,1,0.02219
20190521,114,1,-0.00054
20190522,128,1,0.01222
20190523,147,1,0.00924
20190524,79,3,0.06351
20190525,7,3,-0.05201
20190526,7,2,-0.12829
20190527,10,3,0.21213
20190528,34,4,0.01773
20190529,53,3,0.10995
20190530,25,8,-0.0095
20190531,33,5,0.10418
20190601,1,39,0
20190602,7,3,0.33664
20190603,39,8,0.07234
20190604,55,3,0.05382
20190605,34,6,0.20514
20190606,59,4,0.10363
20190607,27,7,-0.05684
20190608,3,14,-0.24277
20190609,6,9,0.29935
20190610,30,8,0.18104
20190611,38,4,0.05472
20190612,35,4,-0.00139
20190613,20,13,0.08157
20190614,11,15,0.05282
20190615,2,8,0.3597
20190616,2,11,0.1806
20190617,22,4,-0.0212
20190618,20,10,0.08529
20190619,7,27,0.3523
20190620,20,9,-0.08077
20190621,15,11,0.12041
20190622,3,11,0.19063
20190623,1,18,-0.3875
20190624,8,20,0.14165
20190625,7,27,0.24061
20190626,23,8,0.08097
20190627,15,11,0.05271
20190628,12,16,0.11341
20190629,2,22,0.1806
20190630,3,9,-0.23183
20190701,6,25,0.3297
20190702,53,2,0.04325
20190703,30,3,0.18436
20190705,17,7,0.20296
20190706,4,7,0.28643
20190707,4,5,0.23203
20190708,5,26,-0.21378
20190709,9,20,0.1964
20190710,28,6,0.29286
20190711,20,13,0.11126
20190712,28,7,0.07681
20190713,5,6,0.16308
20190714,1,17,-0.5106
20190715,39,3,0.05102
20190716,22,11,0.00135
20190717,42,5,0.1104
20190718,6,30,0.2138
20190719,31,8,-0.04535
20190720,9,4,0.0825
20190721,6,3,0.3261
20190722,20,8,0.06108
20190723,19,15,0.15733
20190724,130,1,0.0329
20190725,72,3,0.01133
20190726,48,3,0.10489
20190727,3,14,0.156
20190728,2,7,0.15745
20190729,30,7,0.07155
20190730,31,8,-0.08064
20190731,22,10,-0.03631
20190801,12,23,0.16793
20190802,10,25,0.22309
20190803,4,7,-0.09938
20190805,5,46,-0.31514
20190806,13,13,0.23482
20190807,8,33,0.01999
20190808,17,15,0.09779
20190809,5,41,0.20972
20190810,2,16,0.2822
20190811,1,20,0.8788
20190812,7,29,0.12533
20190813,11,21,-0.16135
20190814,9,32,-0.0405
20190815,8,22,-0.08819
20190816,13,17,-0.05155
20190817,3,11,0.15293
20190818,1,29,-0.2598
20190819,1,87,0.4404
20190820,3,57,0.04323
20190821,7,31,0.25044
20190822,6,34,-0.34583
20190823,10,34,-0.09267
20190824,1,58,0
20190825,2,30,0.37895
20190826,7,26,0.02939
20190827,2,91,-0.12575
20190828,2,80,-0.36965
20190829,2,93,0.0386
20190830,15,14,0.0662
20190901,1,31,0
20190903,7,27,-0.24996
20190904,9,29,-0.06274
20190905,11,28,0.05077
20190906,7,37,0.02364
20190908,1,14,0.0258
20190909,4,55,0.20253
20190910,3,64,0.17287
20190911,11,26,0.21967
20190912,11,18,-0.09226
20190913,6,36,0.18983
20190914,6,5,-0.07418
20190915,2,23,0.45595
20190916,3,53,0.5407
20190918,5,45,-0.15456
20190919,10,18,0.1076
20190920,8,30,-0.07545
20190921,3,18,-0.22397
20190923,9,27,0.0102
20190924,29,16,-0.04743
20190925,7,28,-0.15711
20190926,48,6,0.01683
20190927,23,13,0.00638
20190928,3,14,0.49907
20190930,5,28,0.28192
20191001,14,17,0.12269
20191002,34,8,0.05893
20191003,18,10,-0.05451
20191004,15,9,-0.23091
20191005,2,19,0.2667
20191007,9,16,-0.05073
20191008,7,26,0.18696
20191009,10,15,0.13412
20191010,8,20,0.02489
20191011,6,28,0.1476
20191012,3,13,0.01583
20191013,2,22,0.1152
20191014,28,4,0.0356
20191015,3,46,-0.35043
20191016,5,30,0.13368
20191017,8,24,-0.14636
20191018,9,23,0.2741
20191019,2,21,0
20191020,2,19,-0.1501
20191021,17,13,0.0816
20191022,10,31,0.24753
20191023,75,5,0.02997
20191024,120,4,0.0387
20191025,151,2,0.03522
20191026,11,4,-0.02833
20191027,8,5,-0.11461
20191028,52,5,0.08241
20191029,31,8,0.11935
20191030,13,15,0.08245
20191031,11,15,0.048
20191101,20,9,-0.00696
20191102,3,9,0.10547
20191104,3,29,0.0756
20191105,12,11,0.06005
20191106,21,8,0.05779
20191107,48,4,0.01639
20191108,24,7,0.09616
20191109,2,11,0.3753
20191110,1,12,0
20191111,25,6,0.02977
20191112,15,9,0.16595
20191113,32,7,-0.0446
20191114,24,13,0.06487
20191115,20,14,0.03586
20191116,1,44,-0.97
20191117,4,6,0.2756
20191118,14,19,0.108
20191119,32,7,0.05305
20191120,62,4,0.03238
20191121,96,2,0.03326
20191122,148,1,0.06764
20191123,36,1,0.05285
20191124,20,1,0.06878
20191125,74,2,-0.00763
20191126,56,3,-0.01244
20191127,15,10,0.03288
20191128,3,3,-0.16543
20191129,6,16,0.08137
20191130,2,11,0.3568
20191202,32,5,0.06745
20191203,28,6,0.02269
20191204,9,15,-0.04103
20191205,10,22,0.04694
20191206,18,13,0.26754
20191207,7,3,0.19177
20191209,15,8,0.22831
20191210,22,6,0.01541
20191211,22,5,0.02419
20191212,19,9,0.34312
20191213,18,11,0.06024
20191214,4,7,0.2397
20191215,1,21,0.327
20191216,49,4,-0.03612
20191217,20,8,-0.3324
20191218,65,3,0.00196
20191219,151,1,0.07899
20191220,88,2,0.08299
20191221,10,4,0.06912
20191222,10,2,-0.22946
20191223,132,1,0.09338
20191224,53,3,0.08821
20191225,2,4,0.13455
20191226,50,4,0.10005
20191227,48,5,0.02976
20191228,14,2,0.17871
20191229,2,12,-0.1909
20191230,74,2,-0.02485
20191231,40,5,0.06456
20200101,2,6,-0.57715
20200102,73,4,0.04772
20200103,115,3,0.04963
20200104,11,6,-0.04349
20200105,5,9,0.19712
20200106,47,5,0.01145
20200107,156,2,0.09743
20200108,328,1,0.03742
20200109,350,1,0.02322
20200110,147,3,-0.03028
20200111,15,4,0.21319
20200112,5,6,-0.00706
20200113,296,1,0.0552
20200114,261,2,0.00486
20200115,158,2,-0.01079
20200116,268,1,0.0781
20200117,183,2,0.0399
20200118,24,3,0.06395
20200119,11,2,-0.09041
20200120,20,2,0.06008
20200121,170,2,0.06225
20200122,437,1,-0.01036
20200123,210,3,0.01442
20200124,173,3,0.02833
20200125,41,2,0.0726
20200126,14,2,0.3137
20200127,91,5,-0.0037
20200128,71,6,-0.01973
20200129,250,3,0.02958
20200130,165,4,0.05111
20200131,130,5,0.09528
20200201,30,4,0.17823
20200202,9,10,0.04562
20200203,787,1,0.00928
20200204,2215,1,0.0493
20200205,1536,1,0.03608
20200206,695,1,-0.00514
20200207,435,2,0.0356
20200208,112,1,0.06851
20200209,47,2,0.13983
20200210,343,2,0.01124
20200211,195,3,0.02942
20200212,168,4,0.01972
20200213,423,2,0.03968
20200214,222,3,-0.02266
20200215,37,3,0.09765
20200216,24,2,0.14145
20200217,36,3,0.0106
20200218,414,5,0.06147
20200219,588,3,0.05679
20200220,369,5,0.08948
20200221,217,5,0.07525
20200222,33,6,0.16435
20200223,83,4,0.12214
20200224,195,6,0.05111
20200225,187,5,0.00504
20200226,156,6,0.05934
20200227,429,3,0.02606
20200228,287,4,-0.02679
20200229,50,3,0.01967
20200301,72,2,0.12548
20200302,95,3,0.00069
20200303,84,3,0.11383
20200304,63,2,-0.05707
20200305,59,6,0.06999
20200306,51,2,0.07164
20200307,35,3,0.0183
20200308,73,4,0.01695
20200309,105,3,0.07606
20200310,50,8,0.11194
20200311,74,7,0.04641
20200312,133,4,0.01645
20200313,213,5,0.01588
20200314,52,7,0.04436
20200315,72,7,-0.02397
20200316,279,6,0.04557
20200317,297,5,0.0103
20200318,293,7,0.02753
20200319,473,4,0.00103
20200320,286,4,0.0498
20200321,82,3,0.0622
20200322,114,2,-0.00353
20200323,238,6,-0.09874
20200324,208,6,0.01395
20200325,236,4,0.04452
20200326,205,4,-0.03767
20200327,89,8,-0.03206
20200328,21,7,0.15352
20200329,36,7,0.09808
20200330,85,7,-0.10168
20200331,150,3,0.02963
20200401,40,6,0.10243
20200402,168,2,0.03815
20200403,35,3,-0.03308
20200404,13,4,0.07998
20200405,39,6,0.11977
20200406,30,6,-0.14901
20200407,103,7,0.06968
20200408,85,6,-0.03176
20200409,141,4,0.02635
20200410,38,5,0.03369
20200411,21,6,-0.01596
20200412,52,3,0.0736
20200413,769,2,0.02955
20200414,1107,1,0.03979
20200415,678,2,0.04659
20200416,524,5,0.02855
20200417,267,8,0.0067
20200418,103,3,0.06137
20200419,133,4,0.09455
20200420,265,7,-0.00316
20200421,429,6,-0.00983
20200422,364,4,0.0133
20200423,325,5,-0.00872
20200424,178,9,0.07076
20200425,86,3,0.15078
20200426,106,3,0.09395
20200427,470,3,0.06981
20200428,323,6,0.01031
20200429,880,2,0.05293
20200430,629,3,0.04129
20200501,1142,1,0.01211
20200502,167,2,0.08487
20200503,203,2,0.03919
20200504,621,2,-0.01326
20200505,401,3,0.02919
20200506,221,7,-0.0096
20200507,322,7,0.02133
20200508,314,4,0.06107
20200509,111,3,0.08434
20200510,84,3,-0.01377
20200511,267,6,-0.00624
20200512,317,4,0.03165
20200513,308,5,0.07118
20200514,276,4,0.04526
20200515,204,6,0.02954
20200516,50,4,0.07145
20200517,66,8,0.06438
20200518,210,8,0.00106
20200519,124,15,0.03762
20200520,127,10,-0.0279
20200521,258,5,0.01693
20200522,222,4,-0.00752
20200523,54,4,0.10881
20200524,63,3,0.05074
20200525,74,5,0.13072
20200526,189,7,0.07887
20200527,453,4,0.05922
20200528,190,7,-0.02076
20200529,227,5,0.03193
20200530,263,2,0.07053
20200531,132,3,0.05844
20200601,493,4,0.07123
20200602,380,4,0.01475
20200603,273,7,0.04123
20200604,203,11,-0.01518
20200605,164,13,0.06241
20200606,50,11,0.12131
20200607,63,13,0.10063
20200608,591,8,0.05351
20200609,318,12,0.04964
20200610,809,4,0.06137
20200611,414,6,0.08747
20200612,332,5,0.07494
20200613,54,6,0.03645
20200614,80,8,0.07632
20200615,317,5,0.03426
20200616,254,7,0.06162
20200617,217,8,0.01969
20200618,201,4,0.05584
20200619,149,7,0.05953
20200620,45,5,0.17649
20200621,52,6,0.06289
20200622,107,12,-0.00064
20200623,100,18,0.00954
20200624,207,6,0.01319
20200625,195,6,0.04663
20200626,121,8,0.12892
20200627,41,3,0.08653
20200628,51,7,0.05182
20200629,140,7,0.08234
20200630,613,2,0.05371
20200701,789,2,0.03721
20200702,942,1,0.04155
20200703,175,2,0.09102
20200704,118,1,0.00994
20200705,208,2,0.07493
20200706,1915,1,0.06512
20200707,1335,2,0.03623
20200708,907,2,0.04544
20200709,542,4,0.02547
20200710,1396,1,0.0291
20200711,417,1,0.0646
20200712,526,1,0.10262
20200713,2617,1,0.04581
20200714,1040,1,0.03655
20200715,985,1,0.03484
20200716,598,3,0.06292
20200717,583,2,0.03268
20200718,205,2,0.08132
20200719,201,2,0.12879
20200720,972,2,0.06985
20200721,1178,1,0.02374
20200722,2236,1,0.06396
20200723,994,1,0.04404
20200724,552,2,0.0444
20200725,113,2,0.05772
20200726,114,6,0.05994
20200727,463,3,0.03003
20200728,380,3,0.06322
20200729,279,5,0.04152
20200730,292,8,0.09414
20200731,365,4,0.04399
20200801,67,4,0.03264
20200802,122,4,0.08407
20200803,66,8,0.03751
20200804,205,12,0.05862
20200805,154,17,-0.002
20200806,193,10,0.05324
20200807,235,6,0.01147
20200808,48,7,0.12488
20200809,61,7,0.0854
20200810,216,9,0.05534
20200811,653,3,0.07607
20200812,1161,1,0.03947
20200813,1280,1,0.05675
20200814,537,1,0.03882
20200815,93,2,0.1536
20200816,148,4,0.04757
20200817,1399,1,0.04862
20200818,1530,1,0.06567
20200819,733,2,0.04154
20200820,1827,1,0.08838
20200821,1551,2,0.08711
20200822,212,2,0.02078
20200823,358,2,0.05126
20200824,1346,2,0.04647
20200825,872,2,0.05165
20200826,644,3,0.08948
20200827,1144,1,0.07238
20200828,1106,1,0.05098
20200829,345,1,0.09356
20200830,496,1,0.11269
20200831,1177,1,0.08272
20200901,2784,1,0.04342
20200902,2600,1,0.04189
20200903,2079,1,0.03538
20200904,1595,1,0.04961
20200905,304,1,0.03087
20200906,183,1,0.0591
20200907,347,1,0.04733
20200908,1751,1,0.02558
20200909,869,1,0.01155
20200910,807,2,0.02518
20200911,493,4,0.00855
20200912,92,4,0.07171
20200913,117,6,0.14705
20200914,959,2,0.05687
20200915,1328,2,0.05766
20200916,857,2,0.02336
20200917,447,1,0.02401
20200918,922,1,0.02521
20200919,215,1,0.07852
20200920,340,1,0.07924
20200921,268,2,0.03595
20200922,1460,1,0.01962
20200923,1027,1,0.02579
20200924,427,2,0.07945
20200925,326,2,0.03998
20200926,89,2,0.09747
20200927,98,2,0.09714
20200928,326,2,0.05225
20200929,391,2,0.02388
20200930,250,4,0.0226
20201001,389,4,0.06613
20201002,470,2,0.04157
20201003,65,2,-0.00337
20201004,99,2,0.08052
20201005,255,3,0.0459
20201006,279,4,0.04021
20201007,287,3,0.03754
20201008,260,5,0.01539
20201009,175,5,0.00909
20201010,54,5,0.06644
20201011,77,5,0.01856
20201012,197,8,0.0391
20201013,209,5,0.0745
20201014,378,4,0.07868
20201015,251,6,0.06671
20201016,243,8,0.00256
20201017,93,1,-0.02569
20201018,141,1,0.07766
20201019,102,5,0.05828
20201020,404,2,0.01909
20201021,1011,1,0.03322
20201022,446,1,0.03334
20201023,304,2,0.02648
20201024,64,2,0.07554
20201025,58,6,0.11365
20201026,113,10,0.04964
20201027,127,10,0.09202
20201028,130,13,0.01087
20201029,95,15,0.08624
20201030,183,4,0.0504
20201031,35,5,0.28071
20201101,51,3,-0.00682
20201102,119,7,0.06888
20201103,157,5,0.131
20201104,203,3,0.03614
20201105,97,7,0.04528
20201106,45,11,0.03093
20201107,57,4,0.07447
20201108,62,7,0.10115
20201109,215,10,0.07329
20201110,136,16,0.0399
20201111,146,8,0.02367
20201112,215,8,0.05175
20201113,266,6,0.03102
20201114,56,5,0.17572
20201115,107,5,0.10263
20201116,995,2,0.07542
20201117,902,3,0.08594
20201118,1200,3,0.05271
20201119,917,1,0.04649
20201120,514,3,0.07677
20201121,109,4,-0.00813
20201122,160,3,0.09808
20201123,636,3,0.07749
20201124,907,2,0.0851
20201125,706,3,0.08213
20201126,201,2,0.04636
20201127,502,3,0.05586
20201128,120,3,0.08326
20201129,238,3,0.08857
20201130,1176,3,0.05332
20201201,788,4,0.02846
20201202,1101,2,0.06346
20201203,382,2,0.0553
20201204,588,3,0.07392
20201205,199,1,0.10723
20201206,203,4,0.12615
20201207,1310,2,0.06484
20201208,1553,3,0.07842
20201209,1386,1,0.06115
20201210,1242,1,0.07394
20201211,647,2,0.07013
20201212,149,3,0.06848
20201213,227,2,0.10173
20201214,640,2,0.04337
20201215,647,2,0.04316
20201216,595,3,0.05201
20201217,851,2,0.06627
20201218,1995,1,0.03821
20201219,255,1,0.12817
20201220,354,1,0.07012
20201221,901,2,0.00957
20201222,733,3,0.02939
20201223,415,4,0.00021
20201224,298,4,0.03915
20201225,53,5,0.1156
20201226,66,5,0.12191
20201227,105,5,0.09182
20201228,275,8,0.06763
20201229,213,9,0.09523
20201230,664,3,0.04362
20201231,814,2,0.06644
20210101,126,3,0.12668
20210102,186,3,0.15141
20210103,144,5,0.00773
20210104,549,4,0.05732
20210105,799,2,0.08604
20210106,790,2,0.07372
20210107,2004,1,0.07905
20210108,2556,1,0.05844
20210109,619,2,0.05542
20210110,691,1,0.06178
20210111,1922,1,0.0506
20210112,1253,1,0.05754
20210113,1056,3,0.05756
20210114,776,5,0.02835
20210115,556,5,0.05724
20210116,112,4,0.1593
20210117,161,3,0.0389
20210118,207,5,0.08602
20210119,427,4,0.0041
20210120,529,4,0.05109
20210121,350,8,-0.0063
20210122,389,7,0.0641
20210123,205,4,0.12857
20210124,84,5,0.18574
20210125,367,6,0.05686
20210126,384,6,0.10825
20210127,622,7,0.07167
20210128,243,14,0.10922
20210129,228,9,0.03366
20210130,148,5,0.09637
20210131,266,7,0.15789
20210201,337,10,0.11114
20210202,431,7,0.05987
20210203,255,12,0.07296
20210204,107,6,-0.02476
20210205,227,6,0.05522
20210206,30,7,0.18306
20210207,76,5,0.15518
20210208,364,7,0.06871
20210209,264,9,0.07014
20210210,493,4,0.01054
20210211,422,6,0.01754
20210212,539,4,0.04104
20210213,95,3,0.17493
20210214,87,4,0.0378
20210215,148,4,0.10613
20210216,450,4,0.03197
20210217,455,4,0.05418
20210218,252,7,0.03925
20210219,265,7,0.03733
20210220,60,6,0.0852
20210221,104,8,0.0683
20210222,844,3,0.02463
20210223,970,2,0.05333
20210224,441,6,0.08441
20210225,418,8,0.02455
20210226,324,6,0.01914
20210227,75,5,0.04
20210228,146,5,0.03391
20210301,264,7,0.09014
20210302,304,8,0.02025
20210303,380,8,0.06291
20210304,631,7,0.02369
20210305,777,2,0.05117
20210306,119,4,0.08883
20210307,242,3,0.06181
20210308,726,3,0.04193
20210309,850,3,0.0577
20210310,507,4,0.05321
20210311,456,5,0.04396
20210312,333,5,0.04708
20210313,55,6,0.13364
20210314,95,5,0.17074
20210315,216,7,0.04468
20210316,275,5,0.03336
20210317,299,7,0.0346
20210318,275,6,-0.01742
20210319,247,4,0.00711
20210320,122,2,0.04051
20210321,141,3,0.09671
20210322,393,4,0.03487
20210323,225,7,0.0318
20210324,308,5,0.01831
20210325,289,5,0.06663
20210326,401,3,0.01866
20210327,55,3,0.0529
20210328,104,3,0.0691
20210329,288,5,0.02827
20210330,366,5,0.05175
20210331,400,3,0.0658
20210401,595,2,0.02504
20210402,144,2,0.04942
20210403,52,2,0.0212
20210404,145,2,0.07788
20210405,682,2,0.05639
20210406,241,5,0.03776
20210407,267,5,0.01719
20210408,223,6,0.04834
20210409,178,6,0.00762
20210410,28,7,0.25312
20210411,61,6,0.03887
20210412,249,7,0.00728
20210413,679,2,0.07486
20210414,698,3,0.03715
20210415,399,3,-0.0132
20210416,211,5,0.02205
20210417,50,5,0.13446
20210418,106,5,-0.04941
20210419,312,5,-0.01856
20210420,232,6,-0.01764
20210421,189,5,0.12736
20210422,215,5,0.02991
20210423,156,7,-0.00684
20210424,75,4,0.13219
20210425,120,2,0.04316
20210426,499,3,0.04939
20210427,303,5,0.03882
20210428,248,8,0.03589
20210429,301,8,0.04733
20210430,353,3,0.08011
20210501,45,7,0.07533
20210502,50,9,0.06266
20210503,260,9,0.05565
20210504,158,8,0.07098
20210505,179,8,0.01638
20210506,218,8,-0.00742
20210507,204,6,0.02358
20210508,51,3,0.08471
20210509,72,4,0.18838
20210510,331,4,0.01488
20210511,356,4,0.03742
20210512,406,4,0.03357
20210513,516,3,-0.00239
20210514,271,4,-0.09308
20210515,41,4,0.05483
20210516,250,1,-0.00182
20210517,592,3,-0.00699
20210518,418,3,0.0703
20210519,397,4,0.01215
20210520,330,2,0.02248
20210521,403,1,0.0032
20210522,23,7,0.05056
20210523,165,2,0.11875
20210524,383,3,0.0425
20210525,164,7,0.1142
20210526,202,7,0.05604
20210527,218,9,0.05318
20210528,130,11,0.1294
20210529,18,11,0.02559
20210530,17,8,0.37828
20210531,47,7,0.13322
20210601,102,11,0.05991
20210602,164,14,-0.02819
20210603,392,10,-0.00402
20210604,193,11,0.05881
20210605,36,10,0.02606
20210606,48,12,0.10208
20210607,173,18,0.03208
20210608,174,20,0.0584
20210609,140,18,0.07339
20210610,188,14,0.05632
20210611,145,15,0.01109
20210612,33,13,0.24585
20210613,117,10,0.18291
20210614,102,17,0.15284
20210615,127,18,0.04681
20210616,171,14,0.01953
20210617,188,13,0.06504
20210618,148,12,0.03994
20210619,73,3,0.06579
20210620,86,4,0.06135
20210621,119,14,0.13127
20210622,79,20,0.04282
20210623,452,4,0.0583
20210624,886,2,0.07239
20210625,269,7,0.05542
20210626,46,3,0.12555
20210627,78,8,0.00888
20210628,209,12,0.06846
20210629,127,14,0.01874
20210630,130,15,0.06479
20210701,155,15,0.10739
20210702,227,5,0.01285
20210703,14,8,-0.13356
20210704,22,6,-0.02858
20210705,41,10,0.17768
20210706,132,11,0.01144
20210707,115,14,0.01516
20210708,131,12,0.08494
20210709,84,13,0.07772
20210710,27,5,0.21043
20210711,22,10,0.08178
20210712,187,4,0.0556
20210713,116,10,0.0424
20210714,128,9,0.02311
20210715,115,9,0.08429
20210716,55,16,0.00687
20210717,20,5,0.03666
20210718,26,8,0.15009
20210719,89,11,0.15971
20210720,112,8,-0.0371
20210721,115,9,0.01968
20210722,121,7,-0.00669
20210723,132,4,0.08019
20210724,25,3,0.06158
20210725,57,2,0.12477
20210726,487,2,0.09887
20210727,214,6,0.00887
20210728,83,12,0.06433
20210729,201,7,0.07482
20210730,179,5,0.05808
20210731,12,12,0.32915
20210801,32,9,0.14091
20210802,276,3,0.09619
20210803,118,8,0.1073
20210804,140,9,0.08103
20210805,73,15,-0.01758
20210806,61,12,-0.00665
20210807,15,8,0.09737
20210808,15,14,0.09442
20210809,83,10,0.08042
20210810,82,14,-0.02342
20210811,62,19,0.17417
20210812,97,13,0.03771
20210813,62,15,0.07104
20210814,3,41,0.17283
20210815,13,17,-0.03182
20210816,169,4,-0.03596
20210817,142,5,0.04947
20210818,140,8,0.04719
20210819,189,4,0.02557
20210820,125,6,0.05594
20210821,17,8,0.15541
20210822,25,7,-0.17639
20210823,95,8,0.08064
20210824,58,14,0.07906
20210825,53,14,0.07338
20210826,57,11,0.04791
20210827,52,12,0.1574
20210828,11,7,0.08691
20210829,21,7,0.16073
20210830,136,9,0.01971
20210831,146,7,0.04487
20210901,57,18,0.03382
20210902,56,15,0.00355
20210903,48,9,0.02051
20210904,16,3,-0.05276
20210905,17,4,0.16732
20210906,29,6,0.21525
20210907,93,6,0.0246
20210908,74,7,0.04832
20210909,81,7,0.00052
20210910,90,8,0.06749
20210911,16,4,0.31859
20210912,30,6,0.0731
20210913,80,8,0.08945
20210914,88,8,-0.00671
20210915,66,11,0.07432
20210916,56,16,0.11395
20210917,71,10,0.12794
20210918,19,3,0.046
20210919,50,2,-0.03078
20210920,85,10,0.04406
20210921,61,12,0.1039
20210922,81,10,0.07374
20210923,67,13,0.07005
20210924,171,3,0.04142
20210925,38,2,0.05643
20210926,98,3,0.10928
20210927,355,2,0.07099
20210928,160,2,0.09389
20210929,107,3,0.07333
20210930,104,5,-0.00196
20211001,76,3,-0.03079
20211002,53,1,0.1685
20211003,43,3,0.05115
20211004,184,2,0.07906
20211005,94,4,0.01197
20211006,72,6,0.04059
20211007,201,4,0.03159
20211008,108,3,0.01321
20211009,26,3,-0.15448
20211010,19,5,0.02896
20211011,108,6,0.07681
20211012,170,2,0.00404
20211013,102,4,0.054
20211014,100,6,0.05695
20211015,226,2,0.01754
20211016,50,2,-0.03762
20211017,111,2,0.07514
20211018,356,2,0.06795
20211019,275,4,0.04509
20211020,462,2,0.03568
20211021,435,3,0.026
20211022,245,4,0.04606
20211023,24,3,0.04284
20211024,68,2,0.16002
20211025,1341,1,0.06902
20211026,1047,1,0.06941
20211027,534,1,0.06011
20211028,409,4,0.04939
20211029,569,1,0.02715
20211030,85,1,0.12139
20211031,133,1,0.04068
20211101,1114,1,0.06904
20211102,817,1,0.04702
20211103,464,3,0.02924
20211104,575,2,0.04461
20211105,301,3,-0.02048
20211106,331,1,0.08825
20211107,518,1,0.07403
20211108,737,1,0.0196
20211109,812,1,0.0296
20211110,571,2,0.0334
20211111,331,2,0.05336
20211112,240,2,0.01044
20211113,31,2,-0.08182
20211114,156,1,0.09569
20211115,475,1,0.06389
20211116,292,4,0.0282
20211117,377,5,0.0381
20211118,264,4,-0.03573
20211119,218,3,-0.00661
20211120,39,3,-0.13192
20211121,63,5,0.03678
20211122,242,6,0.02328
20211123,245,4,0.0643
20211124,151,2,0.04219
20211125,60,2,-0.00774
20211126,69,6,0.04121
20211127,28,2,0.00928
20211128,31,3,-0.04943
20211129,188,2,0.03271
20211130,225,3,-0.00184
20211201,161,3,0.04378
20211202,163,5,0.02323
20211203,206,5,-0.0004
20211204,18,7,0.06705
20211205,59,5,0.02596
20211206,337,2,-0.00706
20211207,216,3,0.04849
20211208,267,4,0.02989
20211209,400,3,0.04007
20211210,322,3,0.05619
20211211,25,3,-0.00691
20211212,65,3,-0.12967
20211213,268,6,0.0185
20211214,290,2,0.02008
20211215,207,2,0.07776
20211216,293,2,0.05467
20211217,215,3,0.00203
20211218,30,4,-0.03433
20211219,63,2,0.03749
20211220,192,2,0.01635
20211221,184,3,0.0258
20211222,424,2,0.06183
20211223,402,2,0.08604
20211224,50,2,-0.08204
20211225,30,2,-0.00909
20211226,81,2,0.07097
20211227,387,2,0.01873
20211228,435,2,0.02884
20211229,478,2,0.04195
20211230,396,2,0.01594
20211231,116,2,-0.09218
20220101,20,2,-0.16004
20220102,220,1,0.00781
20220103,858,1,0.05652
20220104,462,1,0.05951
20220105,342,2,0.03717
20220106,293,3,0.04839
20220107,306,3,0.047
20220108,49,3,0.12691
20220109,87,3,-0.00374
20220110,332,2,0.04728
20220111,252,2,0.05278
20220112,349,2,0.02977
20220113,376,2,0.02801
20220114,255,3,-0.01679
20220115,28,3,-0.05437
20220116,22,3,-0.07567
20220117,75,3,0.04851
20220118,220,5,-0.00544
20220119,195,5,0.02052
20220120,283,5,0.03785
20220121,350,3,-0.01197
20220122,113,2,0.07259
20220123,143,2,0.08128
20220124,482,2,0.04991
20220125,458,3,0.02576
20220126,1060,1,0.02581
20220127,731,4,0.02795
20220128,339,3,0.02068
20220129,30,3,-0.1188
20220130,71,3,0.07653
20220131,283,2,0.04874
20220201,247,5,0.05829
20220202,215,9,0.0511
20220203,282,4,0.05626
20220204,119,6,-0.01091
20220205,20,7,-0.04719
20220206,41,4,0.02932
20220207,141,3,0.03513
20220208,102,6,0.03798
20220209,97,6,0.05639
20220210,143,4,-0.0813
20220211,126,5,-0.00371
20220212,27,3,0.10704
20220213,50,2,0.0128
20220214,98,2,0.02872
20220215,109,7,0.06648
20220216,88,9,0.02132
20220217,195,5,0.03505
20220218,126,7,0.01124
20220219,22,3,0.03952
20220220,34,2,0.01234
20220221,70,2,0.02282
20220222,200,2,-0.00557
20220223,400,2,0.00888
20220224,305,2,0.03488
20220225,124,2,0.04482
20220226,27,2,0.08255
20220227,26,5,-0.02945
20220228,203,2,0.07403
20220301,142,4,-0.00282
20220302,137,3,-0.06661
20220303,165,2,-0.01624
20220304,138,2,-0.02186
20220305,14,3,0.1178
20220306,51,3,0.04807
20220307,191,3,0.066
20220308,162,2,-0.00491
20220309,110,3,0.10636
20220310,152,4,0.10404
20220311,173,2,-0.01649
20220312,22,3,0.16279
20220313,53,3,0.12459
20220314,183,4,0.01752
20220315,129,5,-0.00133
20220316,126,5,0.0153
20220317,157,3,0.02776
20220318,156,3,0.0138
20220319,8,7,-0.31722
20220320,60,2,0.00777
20220321,192,2,-0.00759
20220322,487,2,0.0483
20220323,474,2,0.03142
20220324,276,4,0.01767
20220325,160,4,-0.01618
20220326,19,4,0.02907
20220327,55,4,0.00632
20220328,442,3,0.03847
20220329,217,4,0.00765
20220330,176,5,0.02713
20220331,189,5,0.01378
20220401,152,3,0.03314
20220402,88,1,0.00391
20220403,99,2,0.03014
20220404,376,1,-0.0032
20220405,284,2,0.01687
20220406,232,3,0.00637
20220407,339,2,0.04332
20220408,234,3,0.03386
20220409,24,5,-0.19197
20220410,49,3,0.09369
20220411,188,3,0.04087
20220412,168,4,-0.02158
20220413,154,2,-0.10791
20220414,240,2,0.03536
20220415,44,1,-0.14551
20220416,34,1,-0.02941
20220417,51,3,0.02894
20220418,213,2,0.00365
20220419,272,3,0.04301
20220420,1476,1,0.02473
20220421,649,1,0.08185
20220422,335,2,0.0011
20220423,64,1,0.01163
20220424,89,2,0.04114
20220425,343,2,0.04261
20220426,758,1,0.01918
20220427,237,3,-0.01261
20220428,506,4,0.04052
20220429,392,2,0.02475
20220430,42,2,0.09024
20220501,75,2,0.04182
20220502,245,2,0.01915
20220503,130,4,-0.02878
20220504,170,3,0.07528
20220505,259,2,0.05049
20220506,212,2,0.04348
20220507,31,2,0.09038
20220508,57,2,0.02112
20220509,324,2,0.04136
20220510,216,4,0.0656
20220511,358,2,0.01122
20220512,387,3,0.0531
20220513,240,2,0.01859
20220514,35,2,0.08744
20220515,26,4,-0.03565
20220516,229,2,0.04657
20220517,138,3,0.03434
20220518,418,2,-0.02643
20220519,340,2,-0.04755
20220520,744,1,0.01736
20220521,64,2,0.05811
20220522,62,2,0.03024
20220523,296,4,0.02461
20220524,357,3,0.05148
20220525,346,4,0.05825
20220526,289,4,0.04642
20220527,227,3,-0.00352
20220528,39,3,0.12214
20220529,22,2,0.06065
20220530,66,2,0.16719
20220531,218,3,0.06341
20220601,172,3,0.03654
20220602,270,3,-0.00434
20220603,467,1,0.02537
20220604,45,3,-0.12149
20220605,76,1,-0.00763
20220606,178,3,0.00558
20220607,149,3,-0.09941
20220608,217,3,0.07278
20220609,393,2,0.01042
20220610,413,2,0.01065
20220611,39,2,-0.07134
20220612,89,2,0.04288
20220613,256,2,0.01071
20220614,243,2,-0.07672
20220615,187,2,0.01724
20220616,290,2,0.03491
20220617,123,3,-0.02758
20220618,57,2,0.00532
20220619,19,3,-0.00391
20220620,39,3,-0.00949
20220621,327,2,0.00471
20220622,230,2,0.01489
20220623,241,2,-0.05267
20220624,107,2,-0.02867
20220625,20,2,-0.04107
20220626,28,2,-0.05736
20220627,147,4,-0.04693
20220628,172,2,0.03443
20220629,155,3,-0.02096
20220630,172,3,-0.00272
20220701,185,2,-0.03505
20220702,92,1,0.01548
20220703,52,2,0.01225
20220704,41,2,0.11129
20220705,172,2,-0.0797
20220706,103,3,-0.01601
20220707,152,3,0.07103
20220708,261,2,-0.03424
20220709,61,1,-0.0533
20220710,53,2,0.00973
20220711,210,2,-0.02157
20220712,154,3,0.02695
20220713,235,2,0.01969
20220714,181,3,0.03154
20220715,155,2,-0.07762
20220716,19,2,0.04752
20220717,44,2,-0.09146
20220718,186,2,0.03368
20220719,214,3,-0.00155
20220720,749,1,0.00039
20220721,624,2,0.02862
20220722,374,3,-0.02562
20220723,11,5,-0.12689
20220724,64,2,0.03553
20220725,129,4,0.05297
20220726,114,6,-0.01019
20220727,110,5,0.02512
20220728,170,4,0.03313
20220729,277,2,0.01401
20220730,34,2,-0.01986
20220731,48,3,0.11516
20220801,327,1,0.01742
20220802,217,4,0.04245
20220803,224,4,0.01627
20220804,336,2,0.06182
20220805,373,1,-0.00581
20220806,30,2,0.00735
20220807,48,4,0.12985
20220808,193,6,-0.01231
20220809,237,3,0.03917
20220810,289,2,0.03816
20220811,254,2,-0.03476
20220812,189,3,0.02284
20220813,23,3,-0.08334
20220814,28,4,0.09695
20220815,223,3,0.07494
20220816,198,4,0.17988
20220817,133,6,-0.0173
20220818,131,7,-0.00218
20220819,136,5,0.02623
20220820,20,6,-0.01601
20220821,29,4,0.09336
20220822,102,5,0.03935
20220823,191,2,0.05745
20220824,261,3,0.04911
20220825,341,1,-0.00485
20220826,125,2,0.05947
20220827,10,4,0.16133
20220828,27,4,-0.00519
20220829,58,5,0.09925
20220830,110,3,0.07291
20220831,90,5,0.02479
20220901,73,6,0.01809
20220902,63,4,0.00484
20220903,9,6,0.28138
20220904,4,16,0.35335
20220905,9,17,0.25839
20220906,138,3,-0.02801
20220907,106,5,-0.04591
20220908,121,3,-0.04042
20220909,131,2,-0.002
20220910,12,2,-0.27703
20220911,15,2,0.04968
20220912,61,3,0.06447
20220913,142,3,0.03083
20220914,405,2,-0.02226
20220915,378,2,0.00241
20220916,287,2,0.01443
20220917,26,2,-0.04213
20220918,46,2,-0.0533
20220919,300,2,0.02424
20220920,300,2,0.01665
20220921,204,2,-0.01831
20220922,278,2,0.05332
20220923,246,2,-0.04207
20220924,13,3,-0.22142
20220925,24,4,0.08924
20220926,191,2,0.01776
20220927,309,2,-0.00316
20220928,207,5,-0.01565
20220929,215,2,0.03426
20220930,184,2,0.05132
20221001,40,2,0.08521
20221002,126,1,-0.08195
20221003,517,2,0.0259
20221004,406,2,0.03741
20221005,217,2,0.04023
20221006,139,4,0.00958
20221007,208,3,0.02731
20221008,20,3,-0.2094
20221009,40,3,0.0431
20221010,125,2,0.00297
20221011,168,3,-0.03049
20221012,105,3,0.06983
20221013,149,2,-0.04397
20221014,244,2,0.02401
20221015,33,2,-0.04103
20221016,51,2,0.10297
20221017,213,2,0.09603
20221018,231,3,0.06802
20221019,898,1,0.03739
20221020,389,3,0.00652
20221021,163,3,0.02699
20221022,22,2,-0.18029
20221023,18,5,-0.08964
20221024,162,2,-0.00524
20221025,114,6,-0.02893
20221026,150,5,0.0373
20221027,125,7,-0.00224
20221028,87,6,0.04672
20221029,6,7,-0.37592
20221030,19,4,0.06354
20221031,37,8,0.08191
20221101,61,10,0.01299
20221102,63,10,0.0475
20221103,124,4,0.00731
20221104,183,2,-0.01709
20221105,13,3,-0.06004
20221106,28,4,-0.1773
20221107,309,2,-0.02838
20221108,288,2,0.01211
20221109,324,2,0.0536
20221110,251,2,0.01911
20221111,132,2,-0.05753
20221112,14,2,-0.22248
20221113,18,4,0.14196
20221114,58,5,-0.04244
20221115,70,5,0.03468
20221116,62,5,-0.02616
20221117,148,3,-0.01602
20221118,177,2,-0.04102
20221119,21,2,-0.13742
20221120,42,4,0.06664
20221121,336,1,0.02232
20221122,180,2,-0.01835
20221123,141,2,0.06955
20221124,10,2,-0.13681
20221125,59,2,-0.00561
20221126,13,2,-0.14768
20221127,25,2,-0.19462
20221128,166,2,0.03135
20221129,127,2,0.00374
20221130,124,2,0.02075
20221201,137,2,-0.01639
20221202,78,2,-0.12732
20221203,11,3,-0.0827
20221204,27,2,-0.05955
20221205,106,2,-0.07965
20221206,149,2,-0.03745
20221207,137,3,0.01137
20221208,194,3,0.00742
20221209,152,3,-0.048
20221210,4,9,0.2105
20221211,24,2,0.18223
20221212,278,2,0.0099
20221213,401,2,0.03997
20221214,419,2,0.00412
20221215,428,2,0.03517
20221216,406,2,-0.01717
20221217,39,1,-0.03177
20221218,128,1,0.00698
20221219,428,1,0.05608
20221220,856,1,0.04679
20221221,471,1,0.00266
20221222,1029,1,0.04031
20221223,512,1,-0.00762
20221224,30,2,-0.01523
20221225,20,2,0.08004
20221226,91,2,-0.03361
20221227,1442,1,0.02664
20221228,877,1,0.04437
20221229,598,1,0.00202
20221230,292,2,-0.05243
20221231,21,3,-0.23986
20230101,36,3,0.07354
20230102,243,1,-0.01422
20230103,873,1,0.0288
20230104,344,2,0.02295
20230105,258,2,-0.02161
20230106,529,1,0.01471
20230107,20,2,0.05007
20230108,63,2,-0.02681
20230109,265,2,0.03904
20230110,179,2,-0.06802
20230111,194,2,-0.01161
20230112,179,2,-0.06064
20230113,281,2,0.04214
20230114,22,2,-0.11883
20230115,14,2,-0.15351
20230116,37,3,-0.06307
20230117,219,2,-0.02101
20230118,170,2,-0.0047
20230119,164,3,0.01082
20230120,134,3,-0.04379
20230121,30,2,-0.10173
20230122,38,2,-0.06092
20230123,191,2,0.07612
20230124,192,3,0.05641
20230125,817,1,-0.00383
20230126,346,2,0.05802
20230127,573,1,0.05586
20230128,32,2,-0.06108
20230129,70,2,0.02356
20230130,186,2,-0.02417
20230131,114,4,0.07942
20230201,157,4,0.00344
20230202,195,6,0.10505
20230203,253,3,0.04526
20230204,31,2,-0.02845
20230205,50,2,-0.00986
20230206,217,2,0.02232
20230207,161,4,-0.05238
20230208,310,3,0.06752
20230209,463,1,0.08017
20230210,243,2,-0.01496
20230211,17,4,-0.10912
20230213,82,3,-0.04711
20230214,369,2,-0.02333
20230215,255,2,0.04388
20230216,511,1,0.03366
20230217,298,2,0.00324
20230218,13,3,-0.16037
20230219,23,2,-0.05019
20230220,38,2,-0.12204
20230221,188,2,0.04974
20230222,196,3,0.01313
20230223,188,4,0.00904
20230224,116,3,-0.01408
20230225,12,3,-0.34816
20230226,30,2,-0.04383
20230227,181,2,0.02316
20230228,219,3,0.02493
20230301,482,1,0.01256
20230302,316,2,-0.02027
20230303,187,2,-0.09225
20230304,21,3,0.07885
20230305,21,3,0.0024
20230306,101,4,-0.06812
20230307,89,3,0.07465
20230308,170,3,-0.04886
20230309,169,3,0.05902
20230310,207,2,-0.00661
20230311,18,5,-0.07261
20230312,20,7,-0.05834
20230313,118,3,0.06853
20230314,74,3,-0.00335
20230315,83,6,-0.04014
20230316,54,6,0.05193
20230317,53,7,-0.07688
20230318,6,13,-0.36853
20230319,12,13,-0.12097
20230320,70,7,-0.01626
20230321,160,4,0.0635
20230322,93,6,0.01101
20230323,79,7,-0.04978
20230324,68,4,-0.02362
20230325,12,4,-0.24983
20230326,18,4,-0.04862
20230327,42,5,0.01421
20230328,48,8,0.04865
20230329,57,6,-0.018
20230330,58,5,-0.01516
20230331,155,3,0.03727
20230401,18,4,0.12202
20230402,140,1,-0.06064
20230403,238,2,0.01766
20230404,92,4,-0.00926
20230405,90,4,0.05654
20230406,107,3,-0.01577
20230407,35,3,-0.13315
20230408,9,4,0.3807
20230409,12,4,0.15103
20230410,92,4,-0.03723
20230411,48,5,-0.04099
20230412,34,8,0.00749
20230413,41,8,-0.01481
20230414,66,6,-0.04121
20230415,11,3,-0.2542
20230416,14,6,0.21566
20230417,59,5,0.01286
20230418,71,6,-0.01619
20230419,604,1,0.01129
20230420,408,1,0.00436
20230421,111,2,0.00887
20230422,12,3,-0.09393
20230423,15,4,-0.1304
20230424,141,2,-0.0196
20230425,94,8,0.01748
20230426,129,5,-0.0262
20230427,63,10,-0.13326
20230428,53,7,-0.0441
20230429,11,5,-0.30845
20230430,15,6,0.01594
20230501,46,8,0.04845
20230502,47,10,0.01623
20230503,66,8,-0.02623
20230504,41,14,-0.06214
20230505,37,8,0.0516
20230506,5,5,0.16576
20230507,10,6,0.11907
20230508,63,8,-0.0581
20230509,24,15,-0.02995
20230510,40,11,-0.08991
20230511,122,4,0.04434
20230512,141,3,0.10024
20230513,3,13,0.3156
20230514,15,3,0.06224
20230515,47,5,-0.02674
20230516,91,7,0.02488
20230517,73,6,-0.0162
20230518,58,10,0.0549
20230519,72,6,0.02267
20230520,4,9,0.0205
20230521,4,16,-0.0704
20230522,85,4,0.02795
20230523,65,7,-0.0384
20230524,72,8,0.04401
20230525,72,8,0.12717
20230526,138,5,-0.0134
20230527,15,6,0.01846
20230528,16,5,0.02381
20230529,13,7,0.04458
20230530,113,5,0.07549
20230531,89,9,0.03628
20230601,95,7,0.0377
20230602,118,4,0.15082
20230603,10,5,-0.12831
20230604,7,8,0.19739
20230605,79,6,0.05484
20230606,121,5,0.00757
20230607,149,7,0.03447
20230608,377,1,0.04374
20230609,272,1,0.07507
20230610,14,3,-0.1498
20230611,26,3,0.00812
20230612,114,4,0.02788
20230613,216,4,0.06574
20230614,223,4,0.0291
20230615,207,4,0.02746
20230616,134,4,0.02632
20230617,17,4,0.00878
20230618,9,5,-0.15424
20230619,24,4,0.00214
20230620,409,1,0.05575
20230621,356,1,0.02912
20230622,293,2,0.04673
20230623,165,3,-0.08403
20230624,27,2,-0.03242
20230625,27,3,0.14412
20230626,173,3,0.06478
20230627,118,4,0.07498
20230628,130,3,0.00244
20230629,102,5,0.0027
20230630,123,3,-0.01731
20230701,17,3,-0.06806
20230702,121,1,-0.06045
20230703,227,1,0.0533
20230704,32,1,0.02333
20230705,127,2,-0.01994
20230706,112,3,-0.00188
20230707,80,4,-0.03029
20230708,7,3,0.14807
20230709,28,3,0.14666
20230710,117,3,-0.02236
20230711,56,6,-0.02616
20230712,71,8,0.07908
20230713,89,8,0.11536
20230714,121,4,0.07572
20230715,30,3,0.01821
20230716,73,1,0.02628
20230717,221,2,0.07106
20230718,254,4,0.03389
20230719,836,1,0.04821
20230720,489,1,-0.00526
20230721,207,1,-0.0139
20230722,30,2,0.22948
20230723,55,2,0.01236
20230724,122,3,-0.038
20230725,108,8,-0.03783
20230726,76,6,-0.02298
20230727,91,9,-0.08093
20230728,86,4,-0.06578
20230729,8,6,-0.49175
20230730,18,5,-0.05017
20230731,40,11,-0.16452
20230801,63,7,0.01022
20230802,65,11,0.02026
20230803,78,10,-0.03574
20230804,63,7,-0.05684
20230805,3,13,0
20230806,10,8,0.1332
20230807,107,4,0.00208
20230808,36,17,0.04988
20230809,46,10,-0.08221
20230810,48,8,-0.09237
20230811,55,6,-0.10881
20230812,7,6,-0.17724
20230813,16,5,-0.02102
20230814,65,5,-0.00063
20230815,90,3,-0.04799
20230816,136,3,-0.01099
20230817,139,3,-0.04286
20230818,161,3,0.02511
20230819,15,4,-0.01613
20230820,24,4,-0.07978
20230821,192,3,0.05272
20230822,147,3,0.07023
20230823,150,4,0.03127
20230824,82,8,0.06228
20230825,94,3,-0.05017
20230826,7,7,-0.31053
20230827,7,4,0.11663
20230828,70,5,0.03736
20230829,135,3,0.06563
20230830,95,5,0.01466
20230831,93,5,-0.0221
20230901,187,1,-0.06557
20230902,18,1,-0.16777
20230903,11,2,0.21346
20230904,45,1,-0.05491
20230905,175,1,0.04864
20230906,100,5,0.00167
20230907,101,4,0.08235
20230908,98,3,0.07282
20230909,11,3,-0.209
20230910,39,1,0.01102
20230911,510,1,0.0575
20230912,154,2,-0.02596
20230913,105,2,0.00988
20230914,125,3,0.01589
20230915,115,4,0.03322
20230916,10,4,0.07354
20230917,12,2,0.06953
20230918,88,3,0.05501
20230919,76,4,0.03477
20230920,124,3,-0.0035
20230921,82,4,0.03174
20230922,118,3,-0.03663
20230923,7,3,-0.08677
20230924,20,2,0.04987
20230925,44,6,0.02482
20230926,72,3,0.04464
20230927,94,3,0.03477
20230928,49,3,0.00307
20230929,51,3,-0.05799
20230930,14,2,-0.27879
20231001,19,3,0.01248
20231002,179,2,0.03362
20231003,77,4,0.04401
20231004,201,2,0.02145
20231005,105,3,0.01132
20231006,85,5,0.03479
20231007,7,8,-0.31557
20231008,9,10,0.00629
20231009,44,6,-0.07791
20231010,103,2,0.03389
20231011,59,4,-0.03467
20231012,101,5,-0.05622
20231013,85,4,0.00674
20231014,5,3,-0.17914
20231015,13,3,0.04541
20231016,66,3,-0.01324
20231017,100,4,-0.01979
20231018,514,1,0.0039
20231019,283,2,-0.01056
20231020,113,3,-0.00472
20231021,23,2,-0.12355
20231022,28,2,0.00949
20231023,93,3,-0.05147
20231024,66,8,0.02006
20231025,68,10,0.00382
20231026,90,7,-0.01283
20231027,76,4,-0.09902
20231028,8,2,-0.61284
20231029,6,8,-0.0471
20231030,182,1,0.00941
20231031,59,4,-0.03757
20231101,71,5,-0.01102
20231102,83,4,-0.02976
20231103,66,4,0.03085
20231104,6,2,-0.24323
20231105,5,6,0.13622
20231106,36,5,-0.12735
20231107,59,5,-0.05808
20231108,35,9,0.00607
20231109,215,2,-0.03447
20231110,97,4,-0.05864
20231111,6,6,-0.16302
20231112,16,4,-0.07456
20231113,79,3,-0.06688
20231114,104,4,-0.0408
20231115,77,5,-0.03623
20231116,95,3,0.00832
20231117,94,3,-0.08028
20231118,9,5,-0.0963
20231119,6,10,-0.0231
20231120,55,6,-0.05322
20231121,93,5,-0.05022
20231122,91,3,-0.06824
20231123,3,8,0
20231124,35,3,-0.04538
20231125,1,24,0.5267
20231126,8,6,0.05505
20231127,41,4,-0.0518
20231128,82,3,-0.01162
20231129,73,4,0.08669
20231130,112,4,-0.07959
20231201,85,2,-0.01636
20231202,4,7,0.09192
20231203,11,8,-0.06062
20231204,25,12,-0.01112
20231205,47,4,0.02668
20231206,67,5,0.04762
20231207,54,6,0.0238
20231208,34,8,-0.18439
20231209,2,15,-0.5591
20231210,11,3,-0.01558
20231211,45,6,-0.11571
20231212,59,4,0.01797
20231213,122,2,-0.05607
20231214,140,2,0.00612
20231215,83,2,-0.04081
20231216,6,4,0.1721
20231217,17,2,0.09559
20231218,77,3,-0.12608
20231219,92,4,0.0418
20231220,101,4,-0.09835
20231221,36,10,0.01637
20231222,31,8,-0.18305
20231223,3,10,-0.0172
20231224,3,8,0.50093
20231225,1,3,0.5423
20231226,28,5,0.02367
20231227,55,4,0.12099
20231228,212,3,-0.05393
20231229,90,5,-0.05673
20231230,8,3,-0.10039
20231231,1,23,0
20240101,27,3,-0.06676
20240102,80,4,0.02004
20240103,75,4,0.03419
20240104,50,5,-0.10078
20240105,50,7,-0.06262
20240106,3,14,-0.27527
20240107,10,6,-0.02301
20240108,45,9,-0.02189
20240109,66,5,-0.08091
20240110,92,4,0.06471
20240111,160,4,-0.07003
20240112,240,1,0.00254
20240113,17,2,-0.21962
20240114,29,1,0.04306
20240115,88,1,0.06452
20240116,162,5,0.04789
20240117,100,6,-0.05142
20240118,137,6,-0.02393
20240119,196,4,-0.00324
20240120,14,5,-0.20604
20240121,56,5,0.05727
20240122,212,4,-0.01188
20240123,160,5,0.08743
20240124,887,1,0.02647
20240125,642,1,0.0013
20240126,122,4,-0.00704
20240127,23,5,-0.26504
20240128,43,6,0.09967
20240129,207,6,0.02083
20240130,228,5,0.03102
20240131,64,11,-0.08904
20240201,126,9,-0.05344
20240202,157,4,0.00032
20240203,11,5,-0.21522
20240204,42,6,-0.11848
20240205,343,3,0.01158
20240206,236,6,0.00873
20240207,171,9,0.04375
20240208,100,12,-0.02931
20240209,126,6,-0.00776
20240210,13,7,-0.07312
20240211,22,9,-0.08153
20240212,109,9,0.00341
20240213,102,10,-0.01283
20240214,71,7,-0.02181
20240215,189,7,0.084
20240216,177,7,0.04835
20240217,19,6,-0.00878
20240218,14,5,-0.01345
20240219,41,5,0.14699
20240220,93,9,-0.0205
20240221,191,8,-0.02852
20240222,181,9,-0.03951
20240223,105,7,-0.10854
20240224,14,6,-0.21659
20240225,28,8,0.04324
20240226,153,10,0.02677
20240227,148,12,-0.01973
20240228,93,17,-0.01794
20240229,82,15,0.02171
20240301,104,11,-0.10431
20240302,5,21,-0.07482
20240303,14,23,-0.08319
20240304,299,5,-0.00475
20240305,146,10,-0.08289
20240306,207,7,-0.01809
20240307,167,10,0.01413
20240308,180,8,0.02204
20240309,20,5,-0.20538
20240310,34,6,0.11971
20240311,118,6,-0.02952
20240312,126,7,-0.0028
20240313,291,5,-0.02002
20240314,399,3,-0.02705
20240315,178,4,-0.043
20240316,20,7,-0.01993
20240317,51,5,0.01642
20240318,331,3,0.01543
20240319,122,8,0.06137
20240320,95,10,-0.02437
20240321,101,14,0.0347
20240322,189,5,-0.04366
20240323,16,6,0.12029
20240324,36,5,-0.00106
20240325,75,13,-0.00055
20240326,153,7,0.07158
20240327,86,14,0.0904
20240328,78,10,-0.0825
20240329,27,8,0.07093
20240330,12,10,0.01789
20240331,33,8,0.06044
20240401,123,7,-0.04265
20240402,289,4,0.00781
20240403,179,4,0.01254
20240404,248,4,-0.00875
20240405,397,2,0.00183
20240406,53,1,-0.17299
20240407,77,3,-0.03131
20240408,267,2,-0.00376
20240409,276,3,-0.0456
20240410,198,4,-0.03228
20240411,172,5,-0.0789
20240412,82,11,-0.11376
20240413,18,6,-0.38439
20240414,26,14,0.10089
20240415,254,3,0.00143
20240416,284,2,-0.02413
20240417,202,5,0.00956
20240418,326,5,0.00625
20240419,238,5,0.00245
20240420,42,2,-0.0464
20240421,121,1,0.01914
20240422,558,1,-0.00575
20240423,1442,1,0.02586
20240424,788,2,0.01587
20240425,377,4,-0.04455
20240426,227,3,-0.04268
20240427,14,8,0.04618
20240428,82,1,0.00399
20240429,893,1,0.00856
20240430,276,5,-0.00413
20240501,86,11,-0.04278
20240502,108,6,0.01868
20240503,62,6,-0.0112
20240504,9,8,-0.12544
20240505,36,6,-0.02844
20240506,98,6,-0.10555
20240507,70,9,-0.00762
20240508,112,5,-0.10821
20240509,73,8,-0.12975
20240510,69,6,-0.01693
20240511,13,3,-0.27675
20240512,25,5,0.11005
20240513,57,11,0.005
20240514,104,12,0.03426
20240515,117,7,-0.04115
20240516,78,8,0.07795
20240517,111,5,0.00446
20240518,6,10,-0.30827
20240519,13,7,0.11712
20240520,70,10,-0.0546
20240521,264,3,-0.04151
20240522,161,5,0.02224
20240523,106,8,0.01776
20240524,64,6,-0.07762
20240525,9,7,0.01734
20240526,9,4,0.00757
20240527,25,5,0.02373
20240528,84,7,0.05556
20240529,41,13,-0.07738
20240530,93,8,0.07751
20240531,39,11,0.00252
20240601,8,8,-0.10997
20240602,29,7,-0.04256
20240603,43,13,0.06097
20240604,38,14,-0.10307
20240605,74,9,0.06432
20240606,61,13,-0.02642
20240607,26,13,0.02132
20240608,11,6,0.0014
20240609,29,5,0.03923
20240610,53,7,-0.0065
20240611,91,7,0.02516
20240612,226,5,0.03765
20240613,353,3,0.04566
20240614,160,5,0.00652
20240615,11,6,0.05586
20240616,19,7,0.08615
20240617,236,3,-0.0311
20240618,61,13,0.01836
20240619,33,11,0.03256
20240620,59,13,-0.08094
20240621,61,9,0.0324
20240622,16,6,-0.10893
20240623,29,5,0.07552
20240624,99,6,0.04708
20240625,87,7,-0.00962
20240626,265,3,-0.01877
20240627,135,6,0.01695
20240628,171,4,0.03501
20240629,21,3,-0.04529
20240630,55,3,-0.02203
20240701,445,2,0.02558
20240702,679,1,0.03948
20240703,646,2,0.0174
20240704,180,2,0.03063
20240705,340,2,0.02512
20240706,26,4,-0.02133
20240707,142,2,0.02837
20240708,305,3,0.00303
20240709,453,2,0.04385
20240710,306,3,0.03345
20240711,568,2,0.01879
20240712,323,3,0.01222
20240713,30,4,-0.01174
20240714,94,3,0.03711
20240715,217,4,0.03855
20240716,154,4,-0.06781
20240717,155,8,0.04991
20240718,203,5,0.02627
20240719,131,4,-0.01912
20240720,13,6,-0.00231
20240721,37,6,0.13123
20240722,191,4,0.05916
20240723,854,1,-0.00046
20240724,553,2,-0.02119
20240725,259,3,-0.0548
20240726,152,4,-0.0016
20240727,8,8,-0.26023
20240728,19,9,-0.10524
20240729,218,3,-0.01487
20240730,155,8,-0.01006
20240731,81,12,-0.07355
20240801,118,11,-0.01536
20240802,130,9,-0.07162
20240803,23,6,-0.17441
20240804,54,7,0.04941
20240805,129,11,0.03878
20240806,77,13,0.04542
20240807,88,9,0.02154
20240808,64,13,0.0355
20240809,75,6,-0.09987
20240810,13,4,0.05039
20240811,14,9,-0.21112
20240812,111,4,-0.02979
20240813,92,6,-0.05332
20240814,65,8,0.01581
20240815,89,9,0.02556
20240816,64,6,-0.04344
20240817,6,10,-0.14448
20240818,9,15,0.13141
20240819,42,16,0.0577
20240820,42,14,0.07673
20240821,28,19,0.09743
20240822,61,15,0.0161
20240823,51,12,0.15068
20240824,7,12,0.05673
20240825,13,10,0.08896
20240826,39,13,-0.02616
20240827,58,10,-0.01243
20240828,39,17,0.02914
20240829,55,13,-0.04347
20240830,29,13,-0.18529
20240831,11,7,-0.09949
20240901,6,8,-0.34127
20240902,17,5,-0.10396
20240903,82,8,-0.0347
20240904,143,5,0.04063
20240905,227,4,0.02391
20240906,143,4,0.01126
20240907,7,8,-0.43754
20240908,8,13,-0.04594
20240909,40,12,-0.02352
20240910,80,8,-0.02196
20240911,54,7,0.09983
20240912,58,10,-0.03924
20240913,49,9,-0.04295
20240914,8,7,0.09365
20240915,6,14,-0.19815
20240916,25,14,0.05206
20240917,25,14,-0.05392
20240918,40,12,0.02478
20240919,118,4,0.02689
20240920,83,7,-0.04182
20240921,6,10,-0.03088
20240922,18,6,0.26395
20240923,111,5,-0.02615
20240924,133,4,-0.04831
20240925,99,6,0.00024
20240926,85,8,-0.01066
20240927,135,5,-0.01571
20240928,15,4,-0.00079
20240929,25,5,-0.09717
20240930,85,6,-0.06562
20241001,69,9,0.00891
20241002,166,3,0.01199
20241003,108,5,0.02602
20241004,70,5,-0.10708
20241005,24,2,-0.09274
20241006,43,3,-0.02317
20241007,72,7,-0.02044
20241008,49,13,0.08434
20241009,86,3,0.02722
20241010,442,1,0.01632
20241011,482,1,0.03753
20241012,26,1,-0.14527
20241013,112,1,-0.0207
20241014,166,4,0.07169
20241015,89,7,-0.0405
20241016,73,10,-0.00215
20241017,77,8,-0.11296
20241018,105,4,-0.11616
20241019,16,2,-0.10289
20241020,44,3,-0.09736
20241021,98,4,-0.02611
20241022,148,4,-0.00068
20241023,690,1,0.05719
20241024,703,1,0.02974
20241025,322,1,0.06042
20241026,40,1,-0.16906
20241027,68,1,0.02129
20241028,154,2,-0.01251
20241029,99,9,0.05033
20241030,54,21,-0.03898
20241031,61,19,-0.03755
20241101,47,10,-0.06611
20241102,4,10,-0.0422
20241103,8,15,-0.24375
20241104,66,8,0.07966
20241105,132,5,0.1288
20241106,232,3,0.07065
20241107,164,3,-0.04215
20241108,556,1,0.04516
20241109,47,1,0.15131
20241110,214,1,0.0631
20241111,794,1,0.06811
20241112,542,1,0.06444
20241113,234,5,0.00465
20241114,276,3,-0.00029
20241115,227,4,-0.01497
20241116,17,7,-0.21643
20241117,87,3,0.05667
20241118,208,3,0.03653
20241119,95,9,0.00024
20241120,54,13,0.13015
20241121,73,13,-0.00375
20241122,152,6,-0.01352
20241123,11,10,0.05735
20241124,37,8,0.10963
20241125,150,6,0.037
20241126,70,12,-0.00424
20241127,76,8,0.00424
20241128,14,8,-0.03875
20241129,44,10,0.03659
20241130,14,7,-0.07699
20241201,29,8,0.07761
20241202,108,8,0.08818
20241203,66,13,-0.02643
20241204,61,14,0.02888
20241205,140,5,0.02214
20241206,218,2,0.0695
20241207,31,1,0.04602
20241208,93,1,-0.01165
20241209,172,5,0.09731
20241210,240,3,0.08972
20241211,542,1,0.05804
20241212,301,2,0.059
20241213,347,2,0.03012
20241214,36,2,-0.00987
20241215,61,4,0.15917
20241216,683,1,0.07547
20241217,686,1,0.05703
20241218,667,1,0.02517
20241219,316,2,-0.01689
20241220,273,2,-0.05381
20241221,28,4,0.06194
20241222,46,5,0.01786
20241223,124,4,-0.00536
20241224,157,2,0.09545
20241225,80,2,0.0896
20241226,197,4,0.02326
20241227,193,3,-0.04063
20241228,47,2,-0.08215
20241229,49,3,0.1323
20241230,155,5,0.04141
20241231,148,2,0.03875
20250101,128,1,-0.0453
20250102,504,1,0.02863
20250103,296,2,0.04118
20250104,22,5,-0.15433
20250105,45,7,-0.00335
20250106,254,4,0.01182
20250107,167,5,0.00013
20250108,122,6,-0.05919
20250109,48,6,0.0293
20250110,136,5,-0.01511
20250111,12,5,-0.02307
20250112,33,6,-0.09232
20250113,228,4,0.04706
20250114,144,6,-0.03975
20250115,209,3,0.03912
20250116,157,7,0.03562
20250117,237,3,0.04477
20250118,29,3,-0.03673
20250119,18,6,0.11592
20250120,148,2,0.01318
20250121,296,3,0.03824
20250122,203,3,0.01298
20250123,202,2,-0.0272
20250124,210,3,0.01613
20250125,31,4,-0.1801
20250126,73,4,0.021
20250127,164,8,0.01562
20250128,165,5,0.05701
20250129,858,2,0.01312
20250130,427,2,-0.07045
20250131,230,3,-0.02396
20250201,63,4,-0.03226
20250202,112,5,0.01489
20250203,252,4,-0.00163
20250204,119,7,-0.02101
20250205,139,9,0.04642
20250206,321,5,-0.01941
20250207,176,5,0.00779
20250208,52,3,-0.03573
20250209,58,4,0.04343
20250210,315,4,0.02439
20250211,737,1,0.04991
20250212,558,2,-0.01469
20250213,323,3,-0.02882
20250214,226,3,-0.04706
20250215,26,4,-0.26678
20250216,29,5,-0.01112
20250217,92,5,-0.04079
20250218,154,7,-0.05162
20250219,110,5,-0.0081
20250221,79,9,-0.03079
