Date,Mention_Count,Mention_Rank,Sentiment_Score,Close,Volume
2018-08-01,0.0,0.0,0.0,,
2018-08-02,0.0,0.0,0.0,,
2018-08-03,0.0,0.0,0.0,,
2018-08-04,0.0,0.0,0.0,,
2018-08-05,0.0,0.0,0.0,,
2018-08-06,0.0,0.0,0.0,,
2018-08-07,0.0,0.0,0.0,,
2018-08-08,0.0,0.0,0.0,,
2018-08-09,0.0,0.0,0.0,,
2018-08-10,0.0,0.0,0.0,,
2018-08-11,0.0,0.0,0.0,,
2018-08-12,0.0,0.0,0.0,,
2018-08-13,0.0,0.0,0.0,,
2018-08-14,0.0,0.0,0.0,,
2018-08-15,0.0,0.0,0.0,,
2018-08-16,0.0,0.0,0.0,,
2018-08-17,0.0,0.0,0.0,,
2018-08-18,0.0,0.0,0.0,,
2018-08-19,0.0,0.0,0.0,,
2018-08-20,0.0,0.0,0.0,,
2018-08-21,0.0,0.0,0.0,,
2018-08-22,0.0,0.0,0.0,,
2018-08-23,0.0,0.0,0.0,,
2018-08-24,0.0,0.0,0.0,,
2018-08-25,0.0,0.0,0.0,,
2018-08-26,0.0,0.0,0.0,,
2018-08-27,0.0,0.0,0.0,,
2018-08-28,0.0,0.0,0.0,,
2018-08-29,0.0,0.0,0.0,,
2018-08-30,0.0,0.0,0.0,,
2018-08-31,0.0,0.0,0.0,,
2018-09-01,0.0,0.0,0.0,,
2018-09-02,0.0,0.0,0.0,,
2018-09-03,0.0,0.0,0.0,,
2018-09-04,0.0,0.0,0.0,,
2018-09-05,0.0,0.0,0.0,,
2018-09-06,0.0,0.0,0.0,,
2018-09-07,0.0,0.0,0.0,,
2018-09-08,0.0,0.0,0.0,,
2018-09-09,0.0,0.0,0.0,,
2018-09-10,0.0,0.0,0.0,,
2018-09-11,0.0,0.0,0.0,,
2018-09-12,0.0,0.0,0.0,,
2018-09-13,0.0,0.0,0.0,,
2018-09-14,0.0,0.0,0.0,,
2018-09-15,0.0,0.0,0.0,,
2018-09-16,0.0,0.0,0.0,,
2018-09-17,0.0,0.0,0.0,,
2018-09-18,0.0,0.0,0.0,,
2018-09-19,0.0,0.0,0.0,,
2018-09-20,0.0,0.0,0.0,,
2018-09-21,0.0,0.0,0.0,,
2018-09-22,0.0,0.0,0.0,,
2018-09-23,0.0,0.0,0.0,,
2018-09-24,0.0,0.0,0.0,,
2018-09-25,0.0,0.0,0.0,,
2018-09-26,0.0,0.0,0.0,,
2018-09-27,0.0,0.0,0.0,,
2018-09-28,0.0,0.0,0.0,,
2018-09-29,0.0,0.0,0.0,,
2018-09-30,0.0,0.0,0.0,,
2018-10-01,0.0,0.0,0.0,,
2018-10-02,0.0,0.0,0.0,,
2018-10-03,0.0,0.0,0.0,,
2018-10-04,0.0,0.0,0.0,,
2018-10-05,0.0,0.0,0.0,,
2018-10-06,0.0,0.0,0.0,,
2018-10-07,0.0,0.0,0.0,,
2018-10-08,0.0,0.0,0.0,,
2018-10-09,0.0,0.0,0.0,,
2018-10-10,0.0,0.0,0.0,,
2018-10-11,0.0,0.0,0.0,,
2018-10-12,0.0,0.0,0.0,,
2018-10-13,0.0,0.0,0.0,,
2018-10-14,0.0,0.0,0.0,,
2018-10-15,0.0,0.0,0.0,,
2018-10-16,0.0,0.0,0.0,,
2018-10-17,0.0,0.0,0.0,,
2018-10-18,0.0,0.0,0.0,,
2018-10-19,0.0,0.0,0.0,,
2018-10-20,0.0,0.0,0.0,,
2018-10-21,0.0,0.0,0.0,,
2018-10-22,0.0,0.0,0.0,,
2018-10-23,0.0,0.0,0.0,,
2018-10-24,0.0,0.0,0.0,,
2018-10-25,0.0,0.0,0.0,,
2018-10-26,0.0,0.0,0.0,,
2018-10-27,0.0,0.0,0.0,,
2018-10-28,0.0,0.0,0.0,,
2018-10-29,0.0,0.0,0.0,,
2018-10-30,0.0,0.0,0.0,,
2018-10-31,0.0,0.0,0.0,,
2018-11-01,0.0,0.0,0.0,,
2018-11-02,0.0,0.0,0.0,,
2018-11-03,0.0,0.0,0.0,,
2018-11-04,0.0,0.0,0.0,,
2018-11-05,0.0,0.0,0.0,,
2018-11-06,0.0,0.0,0.0,,
2018-11-07,0.0,0.0,0.0,,
2018-11-08,0.0,0.0,0.0,,
2018-11-09,0.0,0.0,0.0,,
2018-11-10,0.0,0.0,0.0,,
2018-11-11,0.0,0.0,0.0,,
2018-11-12,0.0,0.0,0.0,,
2018-11-13,0.0,0.0,0.0,,
2018-11-14,0.0,0.0,0.0,,
2018-11-15,0.0,0.0,0.0,,
2018-11-16,0.0,0.0,0.0,,
2018-11-17,0.0,0.0,0.0,,
2018-11-18,0.0,0.0,0.0,,
2018-11-19,0.0,0.0,0.0,,
2018-11-20,0.0,0.0,0.0,,
2018-11-21,0.0,0.0,0.0,,
2018-11-22,0.0,0.0,0.0,,
2018-11-23,0.0,0.0,0.0,,
2018-11-24,0.0,0.0,0.0,,
2018-11-25,0.0,0.0,0.0,,
2018-11-26,0.0,0.0,0.0,,
2018-11-27,0.0,0.0,0.0,,
2018-11-28,0.0,0.0,0.0,,
2018-11-29,0.0,0.0,0.0,,
2018-11-30,0.0,0.0,0.0,,
2018-12-01,0.0,0.0,0.0,,
2018-12-02,0.0,0.0,0.0,,
2018-12-03,0.0,0.0,0.0,,
2018-12-04,0.0,0.0,0.0,,
2018-12-05,0.0,0.0,0.0,,
2018-12-06,0.0,0.0,0.0,,
2018-12-07,0.0,0.0,0.0,,
2018-12-08,0.0,0.0,0.0,,
2018-12-09,0.0,0.0,0.0,,
2018-12-10,0.0,0.0,0.0,,
2018-12-11,0.0,0.0,0.0,,
2018-12-12,0.0,0.0,0.0,,
2018-12-13,0.0,0.0,0.0,,
2018-12-14,0.0,0.0,0.0,,
2018-12-15,0.0,0.0,0.0,,
2018-12-16,0.0,0.0,0.0,,
2018-12-17,0.0,0.0,0.0,,
2018-12-18,0.0,0.0,0.0,,
2018-12-19,0.0,0.0,0.0,,
2018-12-20,0.0,0.0,0.0,,
2018-12-21,0.0,0.0,0.0,,
2018-12-22,0.0,0.0,0.0,,
2018-12-23,0.0,0.0,0.0,,
2018-12-24,0.0,0.0,0.0,,
2018-12-25,0.0,0.0,0.0,,
2018-12-26,0.0,0.0,0.0,,
2018-12-27,0.0,0.0,0.0,,
2018-12-28,0.0,0.0,0.0,,
2018-12-29,0.0,0.0,0.0,,
2018-12-30,0.0,0.0,0.0,,
2018-12-31,0.0,0.0,0.0,,
2019-01-01,0.0,0.0,0.0,,
2019-01-02,0.0,0.0,0.0,,
2019-01-03,0.0,0.0,0.0,,
2019-01-04,0.0,0.0,0.0,,
2019-01-05,0.0,0.0,0.0,,
2019-01-06,0.0,0.0,0.0,,
2019-01-07,0.0,0.0,0.0,,
2019-01-08,0.0,0.0,0.0,,
2019-01-09,0.0,0.0,0.0,,
2019-01-10,0.0,0.0,0.0,,
2019-01-11,0.0,0.0,0.0,,
2019-01-12,0.0,0.0,0.0,,
2019-01-13,0.0,0.0,0.0,,
2019-01-14,0.0,0.0,0.0,,
2019-01-15,0.0,0.0,0.0,,
2019-01-16,0.0,0.0,0.0,,
2019-01-17,0.0,0.0,0.0,,
2019-01-18,0.0,0.0,0.0,,
2019-01-19,0.0,0.0,0.0,,
2019-01-20,0.0,0.0,0.0,,
2019-01-21,0.0,0.0,0.0,,
2019-01-22,0.0,0.0,0.0,,
2019-01-23,0.0,0.0,0.0,,
2019-01-24,0.0,0.0,0.0,,
2019-01-25,0.0,0.0,0.0,,
2019-01-26,0.0,0.0,0.0,,
2019-01-27,0.0,0.0,0.0,,
2019-01-28,0.0,0.0,0.0,,
2019-01-29,0.0,0.0,0.0,,
2019-01-30,0.0,0.0,0.0,,
2019-01-31,0.0,0.0,0.0,,
2019-02-01,0.0,0.0,0.0,,
2019-02-02,0.0,0.0,0.0,,
2019-02-03,0.0,0.0,0.0,,
2019-02-04,0.0,0.0,0.0,,
2019-02-05,0.0,0.0,0.0,,
2019-02-06,0.0,0.0,0.0,,
2019-02-07,0.0,0.0,0.0,,
2019-02-08,0.0,0.0,0.0,,
2019-02-09,0.0,0.0,0.0,,
2019-02-10,0.0,0.0,0.0,,
2019-02-11,0.0,0.0,0.0,,
2019-02-12,0.0,0.0,0.0,,
2019-02-13,0.0,0.0,0.0,,
2019-02-14,0.0,0.0,0.0,,
2019-02-15,0.0,0.0,0.0,,
2019-02-16,0.0,0.0,0.0,,
2019-02-17,0.0,0.0,0.0,,
2019-02-18,0.0,0.0,0.0,,
2019-02-19,0.0,0.0,0.0,,
2019-02-20,0.0,0.0,0.0,,
2019-02-21,0.0,0.0,0.0,,
2019-02-22,0.0,0.0,0.0,,
2019-02-23,0.0,0.0,0.0,,
2019-02-24,0.0,0.0,0.0,,
2019-02-25,0.0,0.0,0.0,,
2019-02-26,0.0,0.0,0.0,,
2019-02-27,0.0,0.0,0.0,,
2019-02-28,0.0,0.0,0.0,,
2019-03-01,0.0,0.0,0.0,,
2019-03-02,0.0,0.0,0.0,,
2019-03-03,0.0,0.0,0.0,,
2019-03-04,0.0,0.0,0.0,,
2019-03-05,0.0,0.0,0.0,,
2019-03-06,0.0,0.0,0.0,,
2019-03-07,0.0,0.0,0.0,,
2019-03-08,0.0,0.0,0.0,,
2019-03-09,0.0,0.0,0.0,,
2019-03-10,0.0,0.0,0.0,,
2019-03-11,0.0,0.0,0.0,,
2019-03-12,0.0,0.0,0.0,,
2019-03-13,0.0,0.0,0.0,,
2019-03-14,0.0,0.0,0.0,,
2019-03-15,0.0,0.0,0.0,,
2019-03-16,0.0,0.0,0.0,,
2019-03-17,0.0,0.0,0.0,,
2019-03-18,0.0,0.0,0.0,,
2019-03-19,0.0,0.0,0.0,,
2019-03-20,0.0,0.0,0.0,,
2019-03-21,0.0,0.0,0.0,,
2019-03-22,0.0,0.0,0.0,,
2019-03-23,0.0,0.0,0.0,,
2019-03-24,0.0,0.0,0.0,,
2019-03-25,0.0,0.0,0.0,,
2019-03-26,0.0,0.0,0.0,,
2019-03-27,0.0,0.0,0.0,,
2019-03-28,0.0,0.0,0.0,,
2019-03-29,0.0,0.0,0.0,,
2019-03-30,0.0,0.0,0.0,,
2019-03-31,0.0,0.0,0.0,,
2019-04-01,0.0,0.0,0.0,,
2019-04-02,0.0,0.0,0.0,,
2019-04-03,0.0,0.0,0.0,,
2019-04-04,0.0,0.0,0.0,,
2019-04-05,0.0,0.0,0.0,,
2019-04-06,0.0,0.0,0.0,,
2019-04-07,0.0,0.0,0.0,,
2019-04-08,0.0,0.0,0.0,,
2019-04-09,0.0,0.0,0.0,,
2019-04-10,0.0,0.0,0.0,,
2019-04-11,0.0,0.0,0.0,,
2019-04-12,0.0,0.0,0.0,,
2019-04-13,0.0,0.0,0.0,,
2019-04-14,0.0,0.0,0.0,,
2019-04-15,0.0,0.0,0.0,,
2019-04-16,0.0,0.0,0.0,,
2019-04-17,0.0,0.0,0.0,,
2019-04-18,0.0,0.0,0.0,,
2019-04-19,0.0,0.0,0.0,,
2019-04-20,0.0,0.0,0.0,,
2019-04-21,0.0,0.0,0.0,,
2019-04-22,0.0,0.0,0.0,,
2019-04-23,0.0,0.0,0.0,,
2019-04-24,0.0,0.0,0.0,,
2019-04-25,0.0,0.0,0.0,,
2019-04-26,0.0,0.0,0.0,,
2019-04-27,0.0,0.0,0.0,,
2019-04-28,0.0,0.0,0.0,,
2019-04-29,0.0,0.0,0.0,,
2019-04-30,0.0,0.0,0.0,,
2019-05-01,0.0,0.0,0.0,,
2019-05-02,0.0,0.0,0.0,,
2019-05-03,0.0,0.0,0.0,,
2019-05-04,0.0,0.0,0.0,,
2019-05-05,0.0,0.0,0.0,,
2019-05-06,0.0,0.0,0.0,,
2019-05-07,0.0,0.0,0.0,,
2019-05-08,0.0,0.0,0.0,,
2019-05-09,0.0,0.0,0.0,,
2019-05-10,0.0,0.0,0.0,,
2019-05-11,0.0,0.0,0.0,,
2019-05-12,0.0,0.0,0.0,,
2019-05-13,0.0,0.0,0.0,,
2019-05-14,0.0,0.0,0.0,,
2019-05-15,0.0,0.0,0.0,,
2019-05-16,0.0,0.0,0.0,,
2019-05-17,0.0,0.0,0.0,,
2019-05-18,0.0,0.0,0.0,,
2019-05-19,0.0,0.0,0.0,,
2019-05-20,0.0,0.0,0.0,,
2019-05-21,0.0,0.0,0.0,,
2019-05-22,0.0,0.0,0.0,,
2019-05-23,0.0,0.0,0.0,,
2019-05-24,0.0,0.0,0.0,,
2019-05-25,0.0,0.0,0.0,,
2019-05-26,0.0,0.0,0.0,,
2019-05-27,0.0,0.0,0.0,,
2019-05-28,0.0,0.0,0.0,,
2019-05-29,0.0,0.0,0.0,,
2019-05-30,0.0,0.0,0.0,,
2019-05-31,0.0,0.0,0.0,,
2019-06-01,0.0,0.0,0.0,,
2019-06-02,0.0,0.0,0.0,,
2019-06-03,0.0,0.0,0.0,,
2019-06-04,0.0,0.0,0.0,,
2019-06-05,0.0,0.0,0.0,,
2019-06-06,0.0,0.0,0.0,,
2019-06-07,0.0,0.0,0.0,,
2019-06-08,0.0,0.0,0.0,,
2019-06-09,0.0,0.0,0.0,,
2019-06-10,0.0,0.0,0.0,,
2019-06-11,0.0,0.0,0.0,,
2019-06-12,0.0,0.0,0.0,,
2019-06-13,0.0,0.0,0.0,,
2019-06-14,0.0,0.0,0.0,,
2019-06-15,0.0,0.0,0.0,,
2019-06-16,0.0,0.0,0.0,,
2019-06-17,0.0,0.0,0.0,,
2019-06-18,0.0,0.0,0.0,,
2019-06-19,0.0,0.0,0.0,,
2019-06-20,0.0,0.0,0.0,,
2019-06-21,0.0,0.0,0.0,,
2019-06-22,0.0,0.0,0.0,,
2019-06-23,0.0,0.0,0.0,,
2019-06-24,0.0,0.0,0.0,,
2019-06-25,0.0,0.0,0.0,,
2019-06-26,0.0,0.0,0.0,,
2019-06-27,0.0,0.0,0.0,,
2019-06-28,0.0,0.0,0.0,,
2019-06-29,0.0,0.0,0.0,,
2019-06-30,0.0,0.0,0.0,,
2019-07-01,0.0,0.0,0.0,,
2019-07-02,0.0,0.0,0.0,,
2019-07-03,0.0,0.0,0.0,,
2019-07-04,0.0,0.0,0.0,,
2019-07-05,0.0,0.0,0.0,,
2019-07-06,0.0,0.0,0.0,,
2019-07-07,0.0,0.0,0.0,,
2019-07-08,0.0,0.0,0.0,,
2019-07-09,0.0,0.0,0.0,,
2019-07-10,0.0,0.0,0.0,,
2019-07-11,0.0,0.0,0.0,,
2019-07-12,0.0,0.0,0.0,,
2019-07-13,0.0,0.0,0.0,,
2019-07-14,0.0,0.0,0.0,,
2019-07-15,0.0,0.0,0.0,,
2019-07-16,0.0,0.0,0.0,,
2019-07-17,0.0,0.0,0.0,,
2019-07-18,0.0,0.0,0.0,,
2019-07-19,0.0,0.0,0.0,,
2019-07-20,0.0,0.0,0.0,,
2019-07-21,0.0,0.0,0.0,,
2019-07-22,0.0,0.0,0.0,,
2019-07-23,0.0,0.0,0.0,,
2019-07-24,0.0,0.0,0.0,,
2019-07-25,0.0,0.0,0.0,,
2019-07-26,0.0,0.0,0.0,,
2019-07-27,0.0,0.0,0.0,,
2019-07-28,0.0,0.0,0.0,,
2019-07-29,0.0,0.0,0.0,,
2019-07-30,0.0,0.0,0.0,,
2019-07-31,0.0,0.0,0.0,,
2019-08-01,0.0,0.0,0.0,,
2019-08-02,0.0,0.0,0.0,,
2019-08-03,0.0,0.0,0.0,,
2019-08-04,0.0,0.0,0.0,,
2019-08-05,0.0,0.0,0.0,,
2019-08-06,0.0,0.0,0.0,,
2019-08-07,0.0,0.0,0.0,,
2019-08-08,0.0,0.0,0.0,,
2019-08-09,0.0,0.0,0.0,,
2019-08-10,0.0,0.0,0.0,,
2019-08-11,0.0,0.0,0.0,,
2019-08-12,0.0,0.0,0.0,,
2019-08-13,0.0,0.0,0.0,,
2019-08-14,0.0,0.0,0.0,,
2019-08-15,0.0,0.0,0.0,,
2019-08-16,0.0,0.0,0.0,,
2019-08-17,0.0,0.0,0.0,,
2019-08-18,0.0,0.0,0.0,,
2019-08-19,0.0,0.0,0.0,,
2019-08-20,0.0,0.0,0.0,,
2019-08-21,0.0,0.0,0.0,,
2019-08-22,0.0,0.0,0.0,,
2019-08-23,0.0,0.0,0.0,,
2019-08-24,0.0,0.0,0.0,,
2019-08-25,0.0,0.0,0.0,,
2019-08-26,0.0,0.0,0.0,,
2019-08-27,0.0,0.0,0.0,,
2019-08-28,0.0,0.0,0.0,,
2019-08-29,0.0,0.0,0.0,,
2019-08-30,0.0,0.0,0.0,,
2019-08-31,0.0,0.0,0.0,,
2019-09-01,0.0,0.0,0.0,,
2019-09-02,0.0,0.0,0.0,,
2019-09-03,0.0,0.0,0.0,,
2019-09-04,0.0,0.0,0.0,,
2019-09-05,0.0,0.0,0.0,,
2019-09-06,0.0,0.0,0.0,,
2019-09-07,0.0,0.0,0.0,,
2019-09-08,0.0,0.0,0.0,,
2019-09-09,0.0,0.0,0.0,,
2019-09-10,0.0,0.0,0.0,,
2019-09-11,0.0,0.0,0.0,,
2019-09-12,0.0,0.0,0.0,,
2019-09-13,0.0,0.0,0.0,,
2019-09-14,0.0,0.0,0.0,,
2019-09-15,0.0,0.0,0.0,,
2019-09-16,0.0,0.0,0.0,,
2019-09-17,0.0,0.0,0.0,,
2019-09-18,0.0,0.0,0.0,,
2019-09-19,0.0,0.0,0.0,,
2019-09-20,0.0,0.0,0.0,,
2019-09-21,0.0,0.0,0.0,,
2019-09-22,0.0,0.0,0.0,,
2019-09-23,0.0,0.0,0.0,,
2019-09-24,0.0,0.0,0.0,,
2019-09-25,0.0,0.0,0.0,,
2019-09-26,0.0,0.0,0.0,,
2019-09-27,0.0,0.0,0.0,,
2019-09-28,0.0,0.0,0.0,,
2019-09-29,0.0,0.0,0.0,,
2019-09-30,0.0,0.0,0.0,,
2019-10-01,0.0,0.0,0.0,,
2019-10-02,0.0,0.0,0.0,,
2019-10-03,0.0,0.0,0.0,,
2019-10-04,0.0,0.0,0.0,,
2019-10-05,0.0,0.0,0.0,,
2019-10-06,0.0,0.0,0.0,,
2019-10-07,0.0,0.0,0.0,,
2019-10-08,0.0,0.0,0.0,,
2019-10-09,0.0,0.0,0.0,,
2019-10-10,0.0,0.0,0.0,,
2019-10-11,0.0,0.0,0.0,,
2019-10-12,0.0,0.0,0.0,,
2019-10-13,0.0,0.0,0.0,,
2019-10-14,0.0,0.0,0.0,,
2019-10-15,0.0,0.0,0.0,,
2019-10-16,0.0,0.0,0.0,,
2019-10-17,0.0,0.0,0.0,,
2019-10-18,0.0,0.0,0.0,,
2019-10-19,0.0,0.0,0.0,,
2019-10-20,0.0,0.0,0.0,,
2019-10-21,0.0,0.0,0.0,,
2019-10-22,0.0,0.0,0.0,,
2019-10-23,0.0,0.0,0.0,,
2019-10-24,0.0,0.0,0.0,,
2019-10-25,0.0,0.0,0.0,,
2019-10-26,0.0,0.0,0.0,,
2019-10-27,0.0,0.0,0.0,,
2019-10-28,0.0,0.0,0.0,,
2019-10-29,0.0,0.0,0.0,,
2019-10-30,0.0,0.0,0.0,,
2019-10-31,0.0,0.0,0.0,,
2019-11-01,0.0,0.0,0.0,,
2019-11-02,0.0,0.0,0.0,,
2019-11-03,0.0,0.0,0.0,,
2019-11-04,0.0,0.0,0.0,,
2019-11-05,0.0,0.0,0.0,,
2019-11-06,0.0,0.0,0.0,,
2019-11-07,0.0,0.0,0.0,,
2019-11-08,0.0,0.0,0.0,,
2019-11-09,0.0,0.0,0.0,,
2019-11-10,0.0,0.0,0.0,,
2019-11-11,0.0,0.0,0.0,,
2019-11-12,0.0,0.0,0.0,,
2019-11-13,0.0,0.0,0.0,,
2019-11-14,0.0,0.0,0.0,,
2019-11-15,0.0,0.0,0.0,,
2019-11-16,0.0,0.0,0.0,,
2019-11-17,0.0,0.0,0.0,,
2019-11-18,0.0,0.0,0.0,,
2019-11-19,0.0,0.0,0.0,,
2019-11-20,0.0,0.0,0.0,,
2019-11-21,0.0,0.0,0.0,,
2019-11-22,0.0,0.0,0.0,,
2019-11-23,0.0,0.0,0.0,,
2019-11-24,0.0,0.0,0.0,,
2019-11-25,0.0,0.0,0.0,,
2019-11-26,0.0,0.0,0.0,,
2019-11-27,0.0,0.0,0.0,,
2019-11-28,0.0,0.0,0.0,,
2019-11-29,0.0,0.0,0.0,,
2019-11-30,0.0,0.0,0.0,,
2019-12-01,0.0,0.0,0.0,,
2019-12-02,0.0,0.0,0.0,,
2019-12-03,0.0,0.0,0.0,,
2019-12-04,0.0,0.0,0.0,,
2019-12-05,0.0,0.0,0.0,,
2019-12-06,0.0,0.0,0.0,,
2019-12-07,0.0,0.0,0.0,,
2019-12-08,0.0,0.0,0.0,,
2019-12-09,0.0,0.0,0.0,,
2019-12-10,0.0,0.0,0.0,,
2019-12-11,0.0,0.0,0.0,,
2019-12-12,0.0,0.0,0.0,,
2019-12-13,0.0,0.0,0.0,,
2019-12-14,0.0,0.0,0.0,,
2019-12-15,0.0,0.0,0.0,,
2019-12-16,0.0,0.0,0.0,,
2019-12-17,0.0,0.0,0.0,,
2019-12-18,0.0,0.0,0.0,,
2019-12-19,0.0,0.0,0.0,,
2019-12-20,0.0,0.0,0.0,,
2019-12-21,0.0,0.0,0.0,,
2019-12-22,0.0,0.0,0.0,,
2019-12-23,0.0,0.0,0.0,,
2019-12-24,0.0,0.0,0.0,,
2019-12-25,0.0,0.0,0.0,,
2019-12-26,0.0,0.0,0.0,,
2019-12-27,0.0,0.0,0.0,,
2019-12-28,0.0,0.0,0.0,,
2019-12-29,0.0,0.0,0.0,,
2019-12-30,0.0,0.0,0.0,,
2019-12-31,0.0,0.0,0.0,,
2020-01-01,0.0,0.0,0.0,,
2020-01-02,0.0,0.0,0.0,,
2020-01-03,0.0,0.0,0.0,,
2020-01-04,0.0,0.0,0.0,,
2020-01-05,0.0,0.0,0.0,,
2020-01-06,0.0,0.0,0.0,,
2020-01-07,0.0,0.0,0.0,,
2020-01-08,0.0,0.0,0.0,,
2020-01-09,0.0,0.0,0.0,,
2020-01-10,0.0,0.0,0.0,,
2020-01-11,0.0,0.0,0.0,,
2020-01-12,0.0,0.0,0.0,,
2020-01-13,0.0,0.0,0.0,,
2020-01-14,0.0,0.0,0.0,,
2020-01-15,0.0,0.0,0.0,,
2020-01-16,0.0,0.0,0.0,,
2020-01-17,0.0,0.0,0.0,,
2020-01-18,0.0,0.0,0.0,,
2020-01-19,0.0,0.0,0.0,,
2020-01-20,0.0,0.0,0.0,,
2020-01-21,0.0,0.0,0.0,,
2020-01-22,0.0,0.0,0.0,,
2020-01-23,0.0,0.0,0.0,,
2020-01-24,0.0,0.0,0.0,,
2020-01-25,0.0,0.0,0.0,,
2020-01-26,0.0,0.0,0.0,,
2020-01-27,0.0,0.0,0.0,,
2020-01-28,0.0,0.0,0.0,,
2020-01-29,0.0,0.0,0.0,,
2020-01-30,0.0,0.0,0.0,,
2020-01-31,0.0,0.0,0.0,,
2020-02-01,0.0,0.0,0.0,,
2020-02-02,0.0,0.0,0.0,,
2020-02-03,0.0,0.0,0.0,,
2020-02-04,0.0,0.0,0.0,,
2020-02-05,0.0,0.0,0.0,,
2020-02-06,0.0,0.0,0.0,,
2020-02-07,0.0,0.0,0.0,,
2020-02-08,0.0,0.0,0.0,,
2020-02-09,0.0,0.0,0.0,,
2020-02-10,0.0,0.0,0.0,,
2020-02-11,0.0,0.0,0.0,,
2020-02-12,0.0,0.0,0.0,,
2020-02-13,0.0,0.0,0.0,,
2020-02-14,0.0,0.0,0.0,,
2020-02-15,0.0,0.0,0.0,,
2020-02-16,0.0,0.0,0.0,,
2020-02-17,0.0,0.0,0.0,,
2020-02-18,0.0,0.0,0.0,,
2020-02-19,0.0,0.0,0.0,,
2020-02-20,0.0,0.0,0.0,,
2020-02-21,0.0,0.0,0.0,,
2020-02-22,0.0,0.0,0.0,,
2020-02-23,0.0,0.0,0.0,,
2020-02-24,0.0,0.0,0.0,,
2020-02-25,0.0,0.0,0.0,,
2020-02-26,0.0,0.0,0.0,,
2020-02-27,0.0,0.0,0.0,,
2020-02-28,0.0,0.0,0.0,,
2020-02-29,0.0,0.0,0.0,,
2020-03-01,0.0,0.0,0.0,,
2020-03-02,0.0,0.0,0.0,,
2020-03-03,0.0,0.0,0.0,,
2020-03-04,0.0,0.0,0.0,,
2020-03-05,0.0,0.0,0.0,,
2020-03-06,0.0,0.0,0.0,,
2020-03-07,0.0,0.0,0.0,,
2020-03-08,0.0,0.0,0.0,,
2020-03-09,0.0,0.0,0.0,,
2020-03-10,0.0,0.0,0.0,,
2020-03-11,0.0,0.0,0.0,,
2020-03-12,0.0,0.0,0.0,,
2020-03-13,0.0,0.0,0.0,,
2020-03-14,0.0,0.0,0.0,,
2020-03-15,0.0,0.0,0.0,,
2020-03-16,0.0,0.0,0.0,,
2020-03-17,0.0,0.0,0.0,,
2020-03-18,0.0,0.0,0.0,,
2020-03-19,0.0,0.0,0.0,,
2020-03-20,0.0,0.0,0.0,,
2020-03-21,0.0,0.0,0.0,,
2020-03-22,0.0,0.0,0.0,,
2020-03-23,0.0,0.0,0.0,,
2020-03-24,0.0,0.0,0.0,,
2020-03-25,0.0,0.0,0.0,,
2020-03-26,0.0,0.0,0.0,,
2020-03-27,0.0,0.0,0.0,,
2020-03-28,0.0,0.0,0.0,,
2020-03-29,0.0,0.0,0.0,,
2020-03-30,0.0,0.0,0.0,,
2020-03-31,0.0,0.0,0.0,,
2020-04-01,0.0,0.0,0.0,,
2020-04-02,0.0,0.0,0.0,,
2020-04-03,0.0,0.0,0.0,,
2020-04-04,0.0,0.0,0.0,,
2020-04-05,0.0,0.0,0.0,,
2020-04-06,0.0,0.0,0.0,,
2020-04-07,0.0,0.0,0.0,,
2020-04-08,0.0,0.0,0.0,,
2020-04-09,0.0,0.0,0.0,,
2020-04-10,0.0,0.0,0.0,,
2020-04-11,0.0,0.0,0.0,,
2020-04-12,0.0,0.0,0.0,,
2020-04-13,0.0,0.0,0.0,,
2020-04-14,0.0,0.0,0.0,,
2020-04-15,0.0,0.0,0.0,,
2020-04-16,0.0,0.0,0.0,,
2020-04-17,0.0,0.0,0.0,,
2020-04-18,0.0,0.0,0.0,,
2020-04-19,0.0,0.0,0.0,,
2020-04-20,0.0,0.0,0.0,,
2020-04-21,0.0,0.0,0.0,,
2020-04-22,0.0,0.0,0.0,,
2020-04-23,0.0,0.0,0.0,,
2020-04-24,0.0,0.0,0.0,,
2020-04-25,0.0,0.0,0.0,,
2020-04-26,0.0,0.0,0.0,,
2020-04-27,0.0,0.0,0.0,,
2020-04-28,0.0,0.0,0.0,,
2020-04-29,0.0,0.0,0.0,,
2020-04-30,0.0,0.0,0.0,,
2020-05-01,0.0,0.0,0.0,,
2020-05-02,0.0,0.0,0.0,,
2020-05-03,0.0,0.0,0.0,,
2020-05-04,0.0,0.0,0.0,,
2020-05-05,0.0,0.0,0.0,,
2020-05-06,0.0,0.0,0.0,,
2020-05-07,0.0,0.0,0.0,,
2020-05-08,0.0,0.0,0.0,,
2020-05-09,0.0,0.0,0.0,,
2020-05-10,0.0,0.0,0.0,,
2020-05-11,0.0,0.0,0.0,,
2020-05-12,0.0,0.0,0.0,,
2020-05-13,0.0,0.0,0.0,,
2020-05-14,0.0,0.0,0.0,,
2020-05-15,0.0,0.0,0.0,,
2020-05-16,0.0,0.0,0.0,,
2020-05-17,0.0,0.0,0.0,,
2020-05-18,0.0,0.0,0.0,,
2020-05-19,0.0,0.0,0.0,,
2020-05-20,0.0,0.0,0.0,,
2020-05-21,0.0,0.0,0.0,,
2020-05-22,0.0,0.0,0.0,,
2020-05-23,0.0,0.0,0.0,,
2020-05-24,0.0,0.0,0.0,,
2020-05-25,0.0,0.0,0.0,,
2020-05-26,0.0,0.0,0.0,,
2020-05-27,0.0,0.0,0.0,,
2020-05-28,0.0,0.0,0.0,,
2020-05-29,0.0,0.0,0.0,,
2020-05-30,0.0,0.0,0.0,,
2020-05-31,0.0,0.0,0.0,,
2020-06-01,0.0,0.0,0.0,,
2020-06-02,0.0,0.0,0.0,,
2020-06-03,0.0,0.0,0.0,,
2020-06-04,0.0,0.0,0.0,,
2020-06-05,0.0,0.0,0.0,,
2020-06-06,0.0,0.0,0.0,,
2020-06-07,0.0,0.0,0.0,,
2020-06-08,0.0,0.0,0.0,,
2020-06-09,0.0,0.0,0.0,,
2020-06-10,0.0,0.0,0.0,,
2020-06-11,0.0,0.0,0.0,,
2020-06-12,0.0,0.0,0.0,,
2020-06-13,0.0,0.0,0.0,,
2020-06-14,0.0,0.0,0.0,,
2020-06-15,0.0,0.0,0.0,,
2020-06-16,0.0,0.0,0.0,,
2020-06-17,0.0,0.0,0.0,,
2020-06-18,0.0,0.0,0.0,,
2020-06-19,0.0,0.0,0.0,,
2020-06-20,0.0,0.0,0.0,,
2020-06-21,0.0,0.0,0.0,,
2020-06-22,0.0,0.0,0.0,,
2020-06-23,0.0,0.0,0.0,,
2020-06-24,0.0,0.0,0.0,,
2020-06-25,0.0,0.0,0.0,,
2020-06-26,0.0,0.0,0.0,,
2020-06-27,0.0,0.0,0.0,,
2020-06-28,0.0,0.0,0.0,,
2020-06-29,0.0,0.0,0.0,,
2020-06-30,0.0,0.0,0.0,,
2020-07-01,0.0,0.0,0.0,,
2020-07-02,0.0,0.0,0.0,,
2020-07-03,0.0,0.0,0.0,,
2020-07-04,0.0,0.0,0.0,,
2020-07-05,0.0,0.0,0.0,,
2020-07-06,0.0,0.0,0.0,,
2020-07-07,0.0,0.0,0.0,,
2020-07-08,0.0,0.0,0.0,,
2020-07-09,0.0,0.0,0.0,,
2020-07-10,0.0,0.0,0.0,,
2020-07-11,0.0,0.0,0.0,,
2020-07-12,0.0,0.0,0.0,,
2020-07-13,0.0,0.0,0.0,,
2020-07-14,0.0,0.0,0.0,,
2020-07-15,0.0,0.0,0.0,,
2020-07-16,1.0,600.0,0.0,,
2020-07-17,0.0,0.0,0.0,,
2020-07-18,0.0,0.0,0.0,,
2020-07-19,0.0,0.0,0.0,,
2020-07-20,0.0,0.0,0.0,,
2020-07-21,0.0,0.0,0.0,,
2020-07-22,0.0,0.0,0.0,,
2020-07-23,0.0,0.0,0.0,,
2020-07-24,0.0,0.0,0.0,,
2020-07-25,0.0,0.0,0.0,,
2020-07-26,0.0,0.0,0.0,,
2020-07-27,0.0,0.0,0.0,,
2020-07-28,0.0,0.0,0.0,,
2020-07-29,0.0,0.0,0.0,,
2020-07-30,0.0,0.0,0.0,,
2020-07-31,0.0,0.0,0.0,,
2020-08-01,0.0,0.0,0.0,,
2020-08-02,0.0,0.0,0.0,,
2020-08-03,0.0,0.0,0.0,,
2020-08-04,0.0,0.0,0.0,,
2020-08-05,0.0,0.0,0.0,,
2020-08-06,0.0,0.0,0.0,,
2020-08-07,0.0,0.0,0.0,,
2020-08-08,0.0,0.0,0.0,,
2020-08-09,0.0,0.0,0.0,,
2020-08-10,0.0,0.0,0.0,,
2020-08-11,0.0,0.0,0.0,,
2020-08-12,0.0,0.0,0.0,,
2020-08-13,0.0,0.0,0.0,,
2020-08-14,0.0,0.0,0.0,,
2020-08-15,0.0,0.0,0.0,,
2020-08-16,0.0,0.0,0.0,,
2020-08-17,0.0,0.0,0.0,,
2020-08-18,0.0,0.0,0.0,,
2020-08-19,0.0,0.0,0.0,,
2020-08-20,0.0,0.0,0.0,,
2020-08-21,0.0,0.0,0.0,,
2020-08-22,0.0,0.0,0.0,,
2020-08-23,0.0,0.0,0.0,,
2020-08-24,0.0,0.0,0.0,,
2020-08-25,2.0,322.0,-0.0915,,
2020-08-26,1.0,560.0,-0.1027,,
2020-08-27,0.0,0.0,0.0,,
2020-08-28,0.0,0.0,0.0,,
2020-08-29,1.0,327.0,0.3818,,
2020-08-30,1.0,420.0,0.0,,
2020-08-31,0.0,0.0,0.0,,
2020-09-01,0.0,0.0,0.0,,
2020-09-02,1.0,639.0,0.5574,,
2020-09-03,1.0,623.0,0.0,,
2020-09-04,0.0,0.0,0.0,,
2020-09-05,1.0,302.0,0.0,,
2020-09-06,0.0,0.0,0.0,,
2020-09-07,0.0,0.0,0.0,,
2020-09-08,1.0,555.0,0.0,,
2020-09-09,1.0,529.0,0.0,,
2020-09-10,1.0,528.0,0.0,,
2020-09-11,0.0,0.0,0.0,,
2020-09-12,3.0,85.0,-0.06037,,
2020-09-13,0.0,0.0,0.0,,
2020-09-14,1.0,475.0,0.4278,,
2020-09-15,2.0,280.0,-0.4441,,
2020-09-16,1.0,582.0,0.7269,,
2020-09-17,0.0,0.0,0.0,,
2020-09-18,3.0,196.0,0.27563,,
2020-09-19,3.0,94.0,0.45337,,
2020-09-20,0.0,0.0,0.0,,
2020-09-21,0.0,0.0,0.0,,
2020-09-22,1.0,404.0,0.0,,
2020-09-23,3.0,222.0,-0.02573,,
2020-09-24,0.0,0.0,0.0,,
2020-09-25,2.0,238.0,-0.33485,,
2020-09-26,2.0,151.0,0.0,,
2020-09-27,7.0,47.0,-0.10429,,
2020-09-28,8.0,93.0,0.00227,,
2020-09-29,41.0,32.0,0.08019,,
2020-09-30,705.0,1.0,0.03746,9.5,338584400.0
2020-10-01,143.0,7.0,-0.00261,9.460000038146973,124297600.0
2020-10-02,55.0,22.0,-0.06651,9.199999809265137,55018300.0
2020-10-03,6.0,46.0,0.15547,,
2020-10-04,6.0,66.0,0.38285,,
2020-10-05,51.0,20.0,-0.02777,9.029999732971191,36316900.0
2020-10-06,191.0,6.0,0.07682,9.899999618530272,90864000.0
2020-10-07,118.0,11.0,0.03191,10.0,54672400.0
2020-10-08,58.0,22.0,0.01468,10.0,34989200.0
2020-10-09,48.0,20.0,-0.0124,9.949999809265137,19653500.0
2020-10-10,6.0,52.0,-0.25405,,
2020-10-11,7.0,55.0,-0.19157,,
2020-10-12,52.0,22.0,-0.03518,9.890000343322754,20623600.0
2020-10-13,29.0,40.0,0.05585,9.470000267028809,21847200.0
2020-10-14,23.0,50.0,-0.05503,9.34000015258789,13652600.0
2020-10-15,51.0,18.0,0.09284,9.90999984741211,12924100.0
2020-10-16,23.0,37.0,0.09487,9.710000038146973,11142500.0
2020-10-17,1.0,312.0,0.0,,
2020-10-18,2.0,184.0,-0.53505,,
2020-10-19,2.0,145.0,0.3404,9.56999969482422,9126400.0
2020-10-20,10.0,87.0,-0.11139,9.270000457763672,11138200.0
2020-10-21,7.0,128.0,-0.18233,9.199999809265137,9190000.0
2020-10-22,28.0,38.0,0.16614,9.68000030517578,17928600.0
2020-10-23,17.0,44.0,0.15286,9.489999771118164,12618000.0
2020-10-24,3.0,81.0,-0.10113,,
2020-10-25,7.0,50.0,0.1661,,
2020-10-26,44.0,26.0,0.0806,9.949999809265137,23767300.0
2020-10-27,131.0,9.0,0.04923,10.949999809265137,53695900.0
2020-10-28,59.0,25.0,0.11336,10.850000381469728,30941700.0
2020-10-29,34.0,31.0,0.02079,10.75,20515700.0
2020-10-30,12.0,71.0,0.13706,10.130000114440918,19705500.0
2020-10-31,4.0,66.0,-0.1233,,
2020-11-01,1.0,352.0,-0.4767,,
2020-11-02,10.0,75.0,0.0024,10.539999961853027,11677800.0
2020-11-03,26.0,34.0,0.03529,10.5,21652800.0
2020-11-04,7.0,79.0,0.06594,10.720000267028809,15783400.0
2020-11-05,69.0,12.0,0.03491,11.880000114440918,48560400.0
2020-11-06,108.0,5.0,0.09617,13.829999923706056,89977600.0
2020-11-07,37.0,7.0,0.05132,,
2020-11-08,89.0,5.0,0.03417,,
2020-11-09,322.0,7.0,0.04426,14.670000076293944,60099000.0
2020-11-10,163.0,11.0,0.04094,14.0,38078700.0
2020-11-11,465.0,3.0,0.03849,15.960000038146973,47027900.0
2020-11-12,1054.0,2.0,0.04957,14.579999923706056,97904000.0
2020-11-13,431.0,4.0,0.11925,15.800000190734863,76354800.0
2020-11-14,103.0,3.0,0.17749,,
2020-11-15,228.0,3.0,0.0785,,
2020-11-16,726.0,3.0,0.05525,15.93000030517578,65326000.0
2020-11-17,1887.0,2.0,0.07072,17.850000381469727,116618500.0
2020-11-18,1675.0,1.0,0.05177,17.899999618530273,89957900.0
2020-11-19,906.0,2.0,0.06682,18.979999542236328,56225400.0
2020-11-20,1158.0,1.0,0.04767,18.149999618530277,72104000.0
2020-11-21,132.0,2.0,0.07471,,
2020-11-22,367.0,1.0,0.10135,,
2020-11-23,2100.0,1.0,0.06129,21.040000915527344,84716300.0
2020-11-24,2773.0,1.0,0.06983,23.81999969482422,115468800.0
2020-11-25,5462.0,1.0,0.07978,29.049999237060547,202563700.0
2020-11-26,2331.0,1.0,0.08641,,
2020-11-27,4982.0,1.0,0.0525,27.65999984741211,207834000.0
2020-11-28,616.0,1.0,0.07905,,
2020-11-29,1029.0,1.0,0.06899,,
2020-11-30,3605.0,1.0,0.03687,27.11000061035156,137243000.0
2020-12-01,2301.0,1.0,0.01937,25.670000076293945,84050000.0
2020-12-02,2926.0,1.0,0.04367,22.51000022888184,149062100.0
2020-12-03,1020.0,1.0,0.05127,24.030000686645508,85634300.0
2020-12-04,862.0,1.0,0.07079,23.850000381469727,56044100.0
2020-12-05,188.0,2.0,0.10802,,
2020-12-06,252.0,1.0,0.09612,,
2020-12-07,2713.0,1.0,0.08767,28.940000534057617,118463700.0
2020-12-08,2024.0,1.0,0.07373,28.59000015258789,124754300.0
2020-12-09,1150.0,2.0,0.06087,26.6299991607666,79634700.0
2020-12-10,784.0,3.0,0.06726,27.040000915527344,57774800.0
2020-12-11,754.0,1.0,0.06883,27.200000762939453,52764400.0
2020-12-12,170.0,1.0,0.09939,,
2020-12-13,337.0,1.0,0.10086,,
2020-12-14,987.0,1.0,0.0427,27.239999771118164,44734500.0
2020-12-15,979.0,1.0,0.0216,26.43000030517578,49273200.0
2020-12-16,910.0,2.0,0.01966,25.920000076293945,44013400.0
2020-12-17,849.0,3.0,0.07676,27.229999542236328,53829800.0
2020-12-18,1026.0,2.0,0.05965,25.96999931335449,71042900.0
2020-12-19,173.0,2.0,0.12218,,
2020-12-20,253.0,2.0,0.06542,,
2020-12-21,1470.0,1.0,0.07002,28.51000022888184,76729100.0
2020-12-22,1195.0,2.0,0.039,28.040000915527344,66033100.0
2020-12-23,1050.0,2.0,0.04451,28.690000534057617,58772200.0
2020-12-24,463.0,3.0,0.0535,27.75,26306800.0
2020-12-25,96.0,2.0,0.07186,,
2020-12-26,103.0,2.0,0.07677,,
2020-12-27,257.0,3.0,0.09891,,
2020-12-28,1452.0,1.0,0.00054,25.6299991607666,55878700.0
2020-12-29,1080.0,1.0,0.03299,24.65999984741211,47302400.0
2020-12-30,731.0,1.0,0.01446,25.100000381469727,34586700.0
2020-12-31,983.0,1.0,0.0255,23.549999237060547,39922500.0
2021-01-01,202.0,1.0,0.0798,,
2021-01-02,189.0,2.0,0.08468,,
2021-01-03,271.0,3.0,0.08742,,
2021-01-04,880.0,1.0,0.00935,23.3700008392334,44970400.0
2021-01-05,802.0,1.0,0.04835,24.600000381469727,29050400.0
2021-01-06,773.0,3.0,0.04533,23.540000915527344,32732900.0
2021-01-07,636.0,3.0,0.03494,25.0,32240000.0
2021-01-08,521.0,4.0,0.01918,25.200000762939453,41313800.0
2021-01-09,98.0,5.0,0.17087,,
2021-01-10,140.0,5.0,0.15256,,
2021-01-11,516.0,5.0,0.06098,25.93000030517578,32609000.0
2021-01-12,444.0,7.0,0.07963,26.18000030517578,26887200.0
2021-01-13,1087.0,2.0,0.05277,25.5,51216600.0
2021-01-14,1395.0,3.0,0.06982,24.920000076293945,32908000.0
2021-01-15,1297.0,3.0,0.07675,25.63999938964844,92285500.0
2021-01-16,124.0,3.0,0.14543,,
2021-01-17,161.0,4.0,0.11792,,
2021-01-18,310.0,3.0,0.11429,,
2021-01-19,595.0,3.0,0.05472,26.6200008392334,48675800.0
2021-01-20,522.0,5.0,0.0035,26.34000015258789,37459000.0
2021-01-21,430.0,5.0,0.0406,25.979999542236328,29891400.0
2021-01-22,2081.0,3.0,0.10577,32.58000183105469,156844700.0
2021-01-23,300.0,3.0,0.15041,,
2021-01-24,143.0,3.0,0.09934,,
2021-01-25,1361.0,4.0,0.05895,36.22999954223633,191345300.0
2021-01-26,1366.0,4.0,0.02811,35.369998931884766,65870000.0
2021-01-27,1347.0,5.0,0.05084,39.0,170758800.0
2021-01-28,473.0,7.0,0.08242,35.65999984741211,85250700.0
2021-01-29,134.0,15.0,0.13517,35.18000030517578,42030900.0
2021-01-30,66.0,10.0,0.14255,,
2021-01-31,192.0,8.0,0.1492,,
2021-02-01,295.0,12.0,0.08662,33.959999084472656,43460900.0
2021-02-02,539.0,5.0,0.07505,31.020000457763672,69647900.0
2021-02-03,299.0,9.0,0.11836,31.76000022888184,35312000.0
2021-02-04,96.0,7.0,0.13733,32.04999923706055,31565000.0
2021-02-05,279.0,5.0,0.14141,34.04999923706055,62375300.0
2021-02-06,37.0,5.0,0.16737,,
2021-02-07,66.0,6.0,0.06431,,
2021-02-08,861.0,2.0,0.08375,36.04999923706055,72376000.0
2021-02-09,434.0,6.0,0.10233,38.16999816894531,44243200.0
2021-02-10,294.0,8.0,0.06911,35.70000076293945,45177200.0
2021-02-11,641.0,5.0,0.02958,33.11000061035156,52094900.0
2021-02-12,803.0,3.0,0.04292,31.90999984741211,60925600.0
2021-02-13,140.0,2.0,0.11718,,
2021-02-14,139.0,2.0,0.0708,,
2021-02-15,560.0,1.0,0.08716,,
2021-02-16,2202.0,1.0,0.04244,27.84000015258789,180294300.0
2021-02-17,920.0,1.0,0.04842,27.07999992370605,151007000.0
2021-02-18,1965.0,1.0,0.07087,25.170000076293945,313175100.0
2021-02-19,2822.0,1.0,0.07809,29.0,320063700.0
2021-02-20,366.0,2.0,0.1201,,
2021-02-21,776.0,2.0,0.10103,,
2021-02-22,1646.0,1.0,0.05289,28.0,183049500.0
2021-02-23,927.0,3.0,0.03793,26.75,145289400.0
2021-02-24,1038.0,3.0,0.07863,26.38999938964844,90095700.0
2021-02-25,1330.0,3.0,0.04596,23.959999084472656,161776400.0
2021-02-26,1268.0,3.0,0.05587,23.899999618530277,119588600.0
2021-02-27,219.0,3.0,0.14021,,
2021-02-28,353.0,3.0,0.09729,,
2021-03-01,837.0,4.0,0.00419,24.809999465942383,85059900.0
2021-03-02,791.0,5.0,0.06833,24.479999542236328,73997000.0
2021-03-03,1197.0,4.0,0.0583,23.59000015258789,79046200.0
2021-03-04,972.0,2.0,0.07835,24.729999542236328,161611200.0
2021-03-05,656.0,3.0,0.05829,23.950000762939453,173468600.0
2021-03-06,136.0,3.0,0.12238,,
2021-03-07,332.0,2.0,0.10899,,
2021-03-08,780.0,2.0,0.03975,22.520000457763672,94432800.0
2021-03-09,558.0,4.0,0.07888,24.26000022888184,99586500.0
2021-03-10,465.0,5.0,0.07127,24.75,103212800.0
2021-03-11,608.0,2.0,0.07663,26.729999542236328,84788700.0
2021-03-12,432.0,3.0,0.09049,26.920000076293945,58721900.0
2021-03-13,87.0,3.0,0.1443,,
2021-03-14,132.0,3.0,0.14301,,
2021-03-15,384.0,3.0,0.03512,26.790000915527344,56101500.0
2021-03-16,404.0,4.0,0.0414,25.61000061035156,73615100.0
2021-03-17,401.0,5.0,0.0404,25.209999084472656,77081700.0
2021-03-18,361.0,5.0,0.02471,23.979999542236328,57141400.0
2021-03-19,167.0,7.0,0.06307,24.31999969482422,57915900.0
2021-03-20,40.0,6.0,0.02582,,
2021-03-21,104.0,5.0,0.08603,,
2021-03-22,406.0,3.0,0.04871,24.21999931335449,46208100.0
2021-03-23,502.0,3.0,0.02171,23.26000022888184,50169700.0
2021-03-24,654.0,2.0,-0.01547,21.8799991607666,69271900.0
2021-03-25,381.0,4.0,0.0631,22.57999992370605,74592600.0
2021-03-26,340.0,4.0,0.09089,22.57999992370605,57916400.0
2021-03-27,51.0,4.0,0.09827,,
2021-03-28,104.0,4.0,0.11484,,
2021-03-29,743.0,1.0,0.00241,21.729999542236328,57647400.0
2021-03-30,633.0,2.0,0.03516,22.040000915527344,52039700.0
2021-03-31,501.0,2.0,0.04665,23.290000915527344,61458500.0
2021-04-01,425.0,3.0,-0.00095,23.06999969482422,51788800.0
2021-04-02,62.0,5.0,0.10187,,
2021-04-03,44.0,5.0,0.13382,,
2021-04-04,144.0,3.0,0.07619,,
2021-04-05,488.0,5.0,0.04883,23.440000534057617,65374300.0
2021-04-06,318.0,4.0,0.01013,23.270000457763672,41933500.0
2021-04-07,274.0,4.0,0.08963,22.899999618530277,32766200.0
2021-04-08,354.0,4.0,0.0625,23.40999984741211,35905500.0
2021-04-09,349.0,3.0,0.10608,24.040000915527344,54082700.0
2021-04-10,65.0,4.0,0.07162,,
2021-04-11,113.0,3.0,0.1059,,
2021-04-12,547.0,2.0,0.04257,23.34000015258789,68620800.0
2021-04-13,898.0,1.0,0.05839,25.420000076293945,83913500.0
2021-04-14,964.0,1.0,0.00264,23.700000762939453,108793800.0
2021-04-15,683.0,1.0,-0.0272,23.149999618530277,58849300.0
2021-04-16,377.0,4.0,0.01427,22.46999931335449,46627700.0
2021-04-17,73.0,2.0,0.15321,,
2021-04-18,107.0,4.0,0.05529,,
2021-04-19,347.0,4.0,-0.04306,21.940000534057617,45753900.0
2021-04-20,314.0,3.0,0.02629,21.780000686645508,47123100.0
2021-04-21,237.0,4.0,0.04171,22.6299991607666,42641400.0
2021-04-22,270.0,4.0,0.10082,22.86000061035156,51346400.0
2021-04-23,187.0,5.0,0.09837,23.40999984741211,32052800.0
2021-04-24,43.0,7.0,-0.00405,,
2021-04-25,65.0,5.0,-0.018,,
2021-04-26,214.0,5.0,0.07354,24.11000061035156,33667600.0
2021-04-27,206.0,9.0,0.07835,23.8799991607666,27678300.0
2021-04-28,188.0,9.0,0.04776,23.850000381469727,22068100.0
2021-04-29,233.0,10.0,0.07623,23.3700008392334,36770100.0
2021-04-30,121.0,12.0,0.03387,23.040000915527344,24717300.0
2021-05-01,49.0,5.0,-0.00598,,
2021-05-02,67.0,6.0,0.1164,,
2021-05-03,275.0,8.0,-0.01965,22.299999237060547,33934400.0
2021-05-04,390.0,3.0,0.06709,21.63999938964844,63429600.0
2021-05-05,384.0,3.0,0.01886,21.149999618530277,39134700.0
2021-05-06,778.0,1.0,0.01308,20.09000015258789,92201100.0
2021-05-07,607.0,1.0,0.01562,19.75,63725500.0
2021-05-08,135.0,1.0,0.00445,,
2021-05-09,208.0,1.0,0.01251,,
2021-05-10,1040.0,1.0,0.00283,18.46999931335449,104670500.0
2021-05-11,1272.0,1.0,0.05436,20.209999084472656,203230500.0
2021-05-12,467.0,2.0,0.07379,18.88999938964844,128281500.0
2021-05-13,336.0,5.0,0.02489,18.3700008392334,87811600.0
2021-05-14,303.0,3.0,0.12823,20.07999992370605,79409500.0
2021-05-15,34.0,5.0,0.12032,,
2021-05-16,82.0,5.0,0.05453,,
2021-05-17,217.0,7.0,0.02032,20.459999084472656,50039600.0
2021-05-18,332.0,4.0,0.07097,21.239999771118164,59672400.0
2021-05-19,141.0,8.0,0.09401,20.670000076293945,45314000.0
2021-05-20,223.0,5.0,0.04939,20.61000061035156,46302400.0
2021-05-21,136.0,6.0,0.04503,20.75,35372900.0
2021-05-22,34.0,5.0,0.17265,,
2021-05-23,39.0,8.0,0.14782,,
2021-05-24,178.0,7.0,0.0211,21.21999931335449,46596800.0
2021-05-25,189.0,6.0,0.08485,21.479999542236328,49890800.0
2021-05-26,181.0,8.0,0.11977,22.1200008392334,42958300.0
2021-05-27,210.0,11.0,0.08651,22.700000762939453,76230500.0
2021-05-28,439.0,6.0,0.08978,22.950000762939453,111846000.0
2021-05-29,25.0,7.0,0.13372,,
2021-05-30,18.0,7.0,0.19874,,
2021-05-31,44.0,8.0,0.18712,,
2021-06-01,144.0,7.0,0.07577,23.059999465942383,52695500.0
2021-06-02,350.0,8.0,0.08067,24.450000762939453,86473200.0
2021-06-03,192.0,13.0,0.02108,23.6299991607666,48164200.0
2021-06-04,181.0,13.0,0.10045,24.030000686645508,42537600.0
2021-06-05,28.0,13.0,0.07667,,
2021-06-06,55.0,10.0,0.08064,,
2021-06-07,175.0,16.0,0.05777,24.459999084472656,49641000.0
2021-06-08,168.0,22.0,0.06449,24.3799991607666,53488600.0
2021-06-09,123.0,20.0,0.14273,24.170000076293945,36006200.0
2021-06-10,131.0,17.0,0.13811,24.13999938964844,35482900.0
2021-06-11,125.0,16.0,0.07134,24.670000076293945,33113100.0
2021-06-12,29.0,15.0,0.16816,,
2021-06-13,54.0,14.0,0.01477,,
2021-06-14,345.0,12.0,0.06092,25.0,51801500.0
2021-06-15,241.0,15.0,0.09516,24.40999984741211,46693200.0
2021-06-16,182.0,13.0,0.09907,24.799999237060547,58452600.0
2021-06-17,369.0,5.0,0.1129,25.450000762939453,64408400.0
2021-06-18,182.0,11.0,0.05745,25.3700008392334,65852600.0
2021-06-19,36.0,7.0,0.16961,,
2021-06-20,37.0,12.0,0.11123,,
2021-06-21,134.0,12.0,0.06431,25.420000076293945,54805000.0
2021-06-22,89.0,17.0,0.01992,25.399999618530277,46171100.0
2021-06-23,329.0,8.0,0.10331,26.270000457763672,53362200.0
2021-06-24,229.0,10.0,0.13065,26.530000686645508,48419400.0
2021-06-25,244.0,9.0,0.08469,26.780000686645508,140832700.0
2021-06-26,25.0,9.0,0.25044,,
2021-06-27,78.0,9.0,0.1419,,
2021-06-28,285.0,9.0,0.11708,27.3799991607666,42184600.0
2021-06-29,130.0,13.0,0.07954,26.6299991607666,38478900.0
2021-06-30,132.0,14.0,0.06803,26.36000061035156,28957100.0
2021-07-01,269.0,6.0,-0.00645,24.71999931335449,55429800.0
2021-07-02,92.0,16.0,-0.00298,24.440000534057617,29389500.0
2021-07-03,10.0,16.0,0.03038,,
2021-07-04,10.0,19.0,0.10881,,
2021-07-05,24.0,17.0,0.00582,,
2021-07-06,79.0,18.0,0.00691,24.68000030517578,28764500.0
2021-07-07,233.0,6.0,-0.04127,22.88999938964844,66937300.0
2021-07-08,167.0,8.0,0.08097,23.07999992370605,34612600.0
2021-07-09,80.0,15.0,-0.02409,23.290000915527344,22492400.0
2021-07-10,11.0,13.0,0.22444,,
2021-07-11,13.0,18.0,0.06952,,
2021-07-12,91.0,11.0,0.01365,22.950000762939453,23457200.0
2021-07-13,95.0,14.0,-0.01979,22.450000762939453,24748800.0
2021-07-14,140.0,8.0,0.00528,21.559999465942383,33796200.0
2021-07-15,94.0,12.0,0.02005,21.46999931335449,31871000.0
2021-07-16,48.0,20.0,-0.10363,21.3700008392334,19503100.0
2021-07-17,8.0,19.0,0.108,,
2021-07-18,25.0,9.0,-0.01182,,
2021-07-19,75.0,17.0,0.04199,21.540000915527344,30314400.0
2021-07-20,57.0,18.0,0.11851,22.18000030517578,22954000.0
2021-07-21,40.0,26.0,0.09608,22.520000457763672,20437300.0
2021-07-22,35.0,26.0,0.02957,22.06999969482422,17468900.0
2021-07-23,55.0,19.0,-0.02167,21.809999465942383,17653300.0
2021-07-24,6.0,29.0,-0.04168,,
2021-07-25,11.0,29.0,0.03514,,
2021-07-26,39.0,23.0,-0.07131,22.1299991607666,16267900.0
2021-07-27,38.0,24.0,0.03224,21.68000030517578,23078700.0
2021-07-28,57.0,17.0,0.01367,22.559999465942383,25073600.0
2021-07-29,46.0,22.0,0.07544,22.18000030517578,19219100.0
2021-07-30,69.0,10.0,0.01911,21.709999084472656,15889200.0
2021-07-31,13.0,10.0,0.15378,,
2021-08-01,17.0,16.0,0.1228,,
2021-08-02,58.0,15.0,0.01564,22.100000381469727,21372900.0
2021-08-03,54.0,16.0,-0.10046,22.239999771118164,17040100.0
2021-08-04,54.0,18.0,0.07945,22.299999237060547,15537400.0
2021-08-05,57.0,19.0,0.18602,22.520000457763672,18575200.0
2021-08-06,94.0,7.0,-0.0244,21.81999969482422,24200700.0
2021-08-07,15.0,9.0,0.22393,,
2021-08-08,40.0,5.0,0.14005,,
2021-08-09,220.0,6.0,0.07952,22.93000030517578,35611100.0
2021-08-10,109.0,9.0,0.08806,22.920000076293945,25947900.0
2021-08-11,275.0,5.0,0.05524,22.350000381469727,34679000.0
2021-08-12,641.0,3.0,0.10488,24.88999938964844,189287200.0
2021-08-13,105.0,7.0,0.10177,24.899999618530277,52395100.0
2021-08-14,23.0,3.0,0.0645,,
2021-08-15,40.0,2.0,0.06975,,
2021-08-16,92.0,7.0,0.15524,24.5,45907300.0
2021-08-17,90.0,9.0,0.08988,23.96999931335449,35348300.0
2021-08-18,297.0,2.0,0.06383,25.280000686645508,92065600.0
2021-08-19,97.0,10.0,0.07177,24.15999984741211,67605600.0
2021-08-20,82.0,8.0,0.13885,24.01000022888184,52062300.0
2021-08-21,10.0,13.0,-0.09297,,
2021-08-22,27.0,6.0,-0.01032,,
2021-08-23,57.0,12.0,0.08901,24.81999969482422,35705300.0
2021-08-24,70.0,10.0,-0.00317,25.100000381469727,37227400.0
2021-08-25,178.0,5.0,-0.05595,24.350000381469727,54678500.0
2021-08-26,92.0,6.0,0.03233,24.8700008392334,46179400.0
2021-08-27,111.0,7.0,-0.01608,25.709999084472656,52268500.0
2021-08-28,2.0,86.0,0.20095,,
2021-08-29,17.0,10.0,0.02559,,
2021-08-30,71.0,13.0,0.10798,25.76000022888184,44139300.0
2021-08-31,70.0,11.0,0.01665,26.34000015258789,93168600.0
2021-09-01,43.0,22.0,0.00881,26.200000762939453,34417200.0
2021-09-02,74.0,11.0,0.15793,26.51000022888184,38460100.0
2021-09-03,28.0,19.0,0.02921,26.63999938964844,26609500.0
2021-09-04,4.0,33.0,0.32183,,
2021-09-05,7.0,15.0,0.37137,,
2021-09-06,20.0,8.0,0.08987,,
2021-09-07,26.0,25.0,0.09861,26.700000762939453,35835100.0
2021-09-08,48.0,15.0,0.08459,25.57999992370605,54394400.0
2021-09-09,28.0,27.0,-0.02398,26.1299991607666,34190800.0
2021-09-10,34.0,17.0,0.09549,26.280000686645508,37307800.0
2021-09-11,13.0,8.0,0.09592,,
2021-09-12,15.0,9.0,0.25182,,
2021-09-13,38.0,17.0,-0.03266,25.82999992370605,42372300.0
2021-09-14,48.0,13.0,0.12899,26.26000022888184,34569000.0
2021-09-15,148.0,5.0,0.04633,27.07999992370605,49555500.0
2021-09-16,429.0,4.0,0.06129,28.6299991607666,109992000.0
2021-09-17,215.0,4.0,0.01325,28.709999084472656,182052600.0
2021-09-18,8.0,6.0,0.138,,
2021-09-19,48.0,3.0,0.12749,,
2021-09-20,140.0,4.0,0.08531,26.549999237060547,89413500.0
2021-09-21,47.0,16.0,0.0702,26.6200008392334,50933600.0
2021-09-22,44.0,17.0,0.12208,27.43000030517578,44308100.0
2021-09-23,142.0,6.0,0.09095,28.770000457763672,60028600.0
2021-09-24,47.0,12.0,0.08623,28.559999465942383,40309700.0
2021-09-25,17.0,5.0,0.10105,,
2021-09-26,23.0,7.0,0.0351,,
2021-09-27,60.0,9.0,-0.04762,27.46999931335449,44102800.0
2021-09-28,119.0,4.0,0.05455,25.34000015258789,64206200.0
2021-09-29,103.0,4.0,0.01456,24.520000457763672,46164500.0
2021-09-30,71.0,6.0,-0.01305,24.040000915527344,59505600.0
2021-10-01,54.0,8.0,-0.05975,24.32999992370605,32778000.0
2021-10-02,17.0,4.0,0.22776,,
2021-10-03,33.0,7.0,0.15319,,
2021-10-04,101.0,5.0,0.11281,23.170000076293945,46789700.0
2021-10-05,417.0,2.0,0.07152,23.209999084472656,56574800.0
2021-10-06,291.0,2.0,0.06239,23.57999992370605,125175700.0
2021-10-07,47.0,9.0,0.08508,23.729999542236328,38873700.0
2021-10-08,64.0,7.0,0.03618,23.5,39713400.0
2021-10-09,7.0,13.0,-0.12354,,
2021-10-10,15.0,12.0,0.24111,,
2021-10-11,40.0,11.0,0.10196,23.530000686645508,23971700.0
2021-10-12,42.0,12.0,0.07494,23.690000534057617,26280000.0
2021-10-13,43.0,12.0,0.00085,24.1299991607666,28494000.0
2021-10-14,37.0,20.0,0.01864,24.350000381469727,26106700.0
2021-10-15,41.0,14.0,0.05049,24.0,24366100.0
2021-10-16,5.0,20.0,0.0,,
2021-10-17,15.0,9.0,0.06453,,
2021-10-18,48.0,11.0,-0.02156,24.26000022888184,25609900.0
2021-10-19,62.0,12.0,0.0759,24.690000534057617,29393900.0
2021-10-20,45.0,12.0,0.03364,24.21999931335449,24248000.0
2021-10-21,44.0,14.0,0.05292,24.780000686645508,23976600.0
2021-10-22,43.0,13.0,0.12984,24.43000030517578,20166800.0
2021-10-23,8.0,13.0,-0.10149,,
2021-10-24,13.0,13.0,0.09317,,
2021-10-25,31.0,25.0,0.08927,25.40999984741211,33962100.0
2021-10-26,103.0,9.0,0.02549,25.520000457763672,56767000.0
2021-10-27,41.0,19.0,0.04616,25.059999465942383,24157200.0
2021-10-28,25.0,32.0,0.02772,25.63999938964844,21203000.0
2021-10-29,39.0,14.0,0.04425,25.8799991607666,21910300.0
2021-10-30,9.0,13.0,-0.07593,,
2021-10-31,10.0,17.0,0.08248,,
2021-11-01,53.0,12.0,-0.01998,26.559999465942383,26684700.0
2021-11-02,64.0,14.0,-0.06436,25.920000076293945,30794600.0
2021-11-03,35.0,32.0,0.09484,26.1200008392334,25244200.0
2021-11-04,44.0,35.0,0.12956,26.46999931335449,25029700.0
2021-11-05,57.0,16.0,-0.07655,26.0,26005000.0
2021-11-06,16.0,11.0,-0.08425,,
2021-11-07,41.0,9.0,0.12982,,
2021-11-08,150.0,11.0,0.04726,26.75,41359600.0
2021-11-09,451.0,3.0,0.01092,24.25,117540200.0
2021-11-10,219.0,6.0,-0.01445,22.520000457763672,94860100.0
2021-11-11,103.0,9.0,-0.00871,22.989999771118164,43381500.0
2021-11-12,63.0,10.0,-0.02705,22.82999992370605,53516200.0
2021-11-13,10.0,10.0,-0.16248,,
2021-11-14,20.0,13.0,0.0742,,
2021-11-15,48.0,19.0,0.16243,23.40999984741211,33225700.0
2021-11-16,53.0,14.0,-0.06672,23.1299991607666,31574800.0
2021-11-17,65.0,16.0,0.05954,22.489999771118164,27994100.0
2021-11-18,147.0,9.0,-0.04721,21.5,51039900.0
2021-11-19,69.0,17.0,-0.06946,21.40999984741211,30013100.0
2021-11-20,13.0,11.0,-0.00012,,
2021-11-21,19.0,14.0,-0.1665,,
2021-11-22,145.0,9.0,-0.0642,20.649999618530277,59899100.0
2021-11-23,117.0,8.0,0.05077,20.59000015258789,44588000.0
2021-11-24,84.0,6.0,0.05588,21.11000061035156,35233900.0
2021-11-25,23.0,7.0,0.1698,,
2021-11-26,50.0,15.0,0.02782,21.030000686645508,20691200.0
2021-11-27,11.0,10.0,0.05345,,
2021-11-28,21.0,9.0,0.07847,,
2021-11-29,50.0,13.0,0.01302,21.06999969482422,29114000.0
2021-11-30,42.0,19.0,0.10642,20.649999618530277,38196400.0
2021-12-01,125.0,8.0,0.06161,19.3799991607666,48283700.0
2021-12-02,62.0,12.0,0.06223,19.690000534057617,45802900.0
2021-12-03,87.0,9.0,0.00581,18.979999542236328,56039600.0
2021-12-04,15.0,13.0,0.06898,,
2021-12-05,23.0,11.0,0.01495,,
2021-12-06,65.0,12.0,0.04289,18.799999237060547,56459800.0
2021-12-07,55.0,12.0,0.0131,19.459999084472656,35129000.0
2021-12-08,50.0,14.0,0.03435,19.81999969482422,28425900.0
2021-12-09,45.0,14.0,-0.02736,19.209999084472656,30354700.0
2021-12-10,43.0,15.0,-0.06128,18.940000534057617,27594500.0
2021-12-11,6.0,21.0,0.1079,,
2021-12-12,14.0,16.0,0.08204,,
2021-12-13,42.0,15.0,0.13904,18.399999618530277,38376000.0
2021-12-14,67.0,9.0,0.04577,18.63999938964844,38864800.0
2021-12-15,53.0,14.0,-0.14142,18.86000061035156,39361900.0
2021-12-16,68.0,10.0,-0.05205,18.34000015258789,33950000.0
2021-12-17,48.0,12.0,0.15118,19.059999465942383,44495200.0
2021-12-18,9.0,16.0,-0.02531,,
2021-12-19,14.0,17.0,-0.06594,,
2021-12-20,67.0,10.0,0.00654,17.959999084472656,42265900.0
2021-12-21,50.0,11.0,0.08971,18.899999618530277,33878600.0
2021-12-22,52.0,8.0,-0.00361,18.8799991607666,33894200.0
2021-12-23,27.0,16.0,0.06288,18.93000030517578,24758300.0
2021-12-24,7.0,10.0,0.08323,,
2021-12-25,3.0,27.0,0.27113,,
2021-12-26,6.0,18.0,-0.4494,,
2021-12-27,45.0,9.0,0.0151,18.940000534057617,21782000.0
2021-12-28,77.0,6.0,0.01629,18.56999969482422,20518800.0
2021-12-29,65.0,8.0,0.05692,18.170000076293945,28217500.0
2021-12-30,34.0,14.0,-0.0128,18.690000534057617,29285200.0
2021-12-31,19.0,13.0,0.05026,18.209999084472656,23556000.0
2022-01-01,9.0,9.0,0.49362,,
2022-01-02,13.0,13.0,0.17456,,
2022-01-03,31.0,15.0,0.15902,18.530000686645508,34283600.0
2022-01-04,51.0,15.0,0.08337,18.170000076293945,39643200.0
2022-01-05,119.0,8.0,0.07632,16.959999084472656,58445900.0
2022-01-06,80.0,9.0,0.03801,16.739999771118164,49737100.0
2022-01-07,57.0,12.0,0.05227,16.559999465942383,37989300.0
2022-01-08,9.0,11.0,-0.07857,,
2022-01-09,32.0,7.0,0.05545,,
2022-01-10,134.0,7.0,0.02624,16.5,77649400.0
2022-01-11,54.0,13.0,0.06889,16.889999389648438,47442600.0
2022-01-12,34.0,16.0,0.00803,16.719999313354492,39784200.0
2022-01-13,63.0,15.0,-0.05212,16.010000228881836,35492200.0
2022-01-14,76.0,9.0,0.0395,16.010000228881836,35624900.0
2022-01-15,12.0,10.0,-0.0806,,
2022-01-16,8.0,16.0,0.11634,,
2022-01-17,30.0,5.0,0.12962,,
2022-01-18,110.0,9.0,0.05604,14.970000267028809,49067700.0
2022-01-19,102.0,8.0,0.00556,14.5600004196167,48049100.0
2022-01-20,92.0,14.0,0.03713,14.619999885559082,44690400.0
2022-01-21,100.0,13.0,0.00578,13.529999732971191,73031300.0
2022-01-22,22.0,11.0,0.16235,,
2022-01-23,20.0,13.0,0.06083,,
2022-01-24,135.0,8.0,0.02833,13.399999618530272,110518900.0
2022-01-25,80.0,10.0,0.02687,13.0600004196167,47456600.0
2022-01-26,67.0,14.0,0.10461,12.75,69949700.0
2022-01-27,44.0,21.0,0.0269,12.279999732971191,52622900.0
2022-01-28,42.0,15.0,-0.12404,12.710000038146973,54887500.0
2022-01-29,9.0,18.0,0.01947,,
2022-01-30,22.0,9.0,0.05141,,
2022-01-31,66.0,9.0,0.13741,13.710000038146973,51039300.0
2022-02-01,72.0,18.0,0.08565,14.199999809265137,69012900.0
2022-02-02,62.0,21.0,0.05243,13.31999969482422,47204300.0
2022-02-03,40.0,30.0,0.01826,12.449999809265137,47236900.0
2022-02-04,41.0,20.0,0.0997,12.9399995803833,38989200.0
2022-02-05,14.0,12.0,-0.05834,,
2022-02-06,13.0,16.0,0.03831,,
2022-02-07,34.0,19.0,0.01933,12.979999542236328,45646100.0
2022-02-08,31.0,29.0,-0.03545,13.149999618530272,30317100.0
2022-02-09,35.0,21.0,0.08787,13.869999885559082,34451900.0
2022-02-10,29.0,28.0,-0.17308,13.5600004196167,41998200.0
2022-02-11,30.0,22.0,-0.05598,13.130000114440918,41831600.0
2022-02-12,14.0,11.0,0.12759,,
2022-02-13,14.0,16.0,0.19869,,
2022-02-14,37.0,11.0,-0.06594,13.260000228881836,40617900.0
2022-02-15,68.0,12.0,0.03145,14.170000076293944,48523700.0
2022-02-16,141.0,6.0,0.07365,13.970000267028809,58624400.0
2022-02-17,414.0,2.0,0.04355,11.770000457763672,151385400.0
2022-02-18,213.0,2.0,-0.00204,11.020000457763672,137808100.0
2022-02-19,33.0,2.0,0.1462,,
2022-02-20,14.0,5.0,0.10518,,
2022-02-21,41.0,6.0,0.05466,,
2022-02-22,96.0,5.0,0.03914,10.479999542236328,104501500.0
2022-02-23,130.0,4.0,0.01394,10.43000030517578,93964500.0
2022-02-24,150.0,4.0,-0.029,11.829999923706056,118793000.0
2022-02-25,62.0,7.0,0.10345,11.470000267028809,75433700.0
2022-02-26,14.0,7.0,-0.03854,,
2022-02-27,17.0,10.0,0.03815,,
2022-02-28,37.0,10.0,0.02251,11.850000381469728,75390500.0
2022-03-01,53.0,9.0,0.12651,12.18000030517578,64867200.0
2022-03-02,36.0,14.0,-0.04077,12.0600004196167,56698300.0
2022-03-03,32.0,15.0,0.05338,11.34000015258789,46172000.0
2022-03-04,27.0,18.0,-0.01584,10.960000038146973,43502200.0
2022-03-05,5.0,29.0,-0.05786,,
2022-03-06,5.0,68.0,0.15154,,
2022-03-07,43.0,13.0,0.0698,11.109999656677246,63070600.0
2022-03-08,27.0,18.0,-0.07579,11.039999961853027,49279600.0
2022-03-09,24.0,23.0,0.0444,11.649999618530272,43591400.0
2022-03-10,25.0,22.0,0.13591,11.869999885559082,52295400.0
2022-03-11,27.0,15.0,0.19516,11.390000343322754,37817400.0
2022-03-12,7.0,19.0,0.11801,,
2022-03-13,4.0,50.0,-0.1631,,
2022-03-14,20.0,26.0,0.21833,10.5,49762600.0
2022-03-15,18.0,21.0,0.12206,10.770000457763672,40451200.0
2022-03-16,27.0,21.0,0.05359,11.789999961853027,62746600.0
2022-03-17,16.0,21.0,0.18082,12.31999969482422,43948900.0
2022-03-18,17.0,21.0,0.15974,12.81999969482422,59125500.0
2022-03-19,4.0,28.0,0.14668,,
2022-03-20,5.0,35.0,0.04454,,
2022-03-21,9.0,48.0,0.07812,12.59000015258789,39410900.0
2022-03-22,18.0,23.0,0.03091,13.270000457763672,46210700.0
2022-03-23,17.0,21.0,-0.09771,13.18000030517578,33699400.0
2022-03-24,7.0,69.0,0.15386,13.390000343322754,29535300.0
2022-03-25,10.0,41.0,-0.20112,12.970000267028809,24796900.0
2022-03-26,2.0,63.0,0.0,,
2022-03-27,7.0,21.0,-0.0783,,
2022-03-28,10.0,42.0,0.08536,13.420000076293944,27152000.0
2022-03-29,25.0,23.0,0.25106,14.199999809265137,46433700.0
2022-03-30,16.0,28.0,0.09519,13.880000114440918,32164000.0
2022-03-31,21.0,18.0,0.06034,13.729999542236328,22840000.0
2022-04-01,10.0,27.0,-0.14196,13.829999923706056,23831600.0
2022-04-02,4.0,19.0,0.46578,,
2022-04-03,9.0,12.0,0.11083,,
2022-04-04,30.0,13.0,-0.03553,14.630000114440918,40066800.0
2022-04-05,22.0,19.0,0.15213,13.890000343322754,37677300.0
2022-04-06,24.0,23.0,0.19894,13.0,40647700.0
2022-04-07,25.0,19.0,0.00354,12.84000015258789,34727400.0
2022-04-08,15.0,22.0,0.0679,12.699999809265137,24962500.0
2022-04-09,3.0,45.0,0.0,,
2022-04-10,11.0,12.0,0.15656,,
2022-04-11,18.0,28.0,0.1368,12.65999984741211,26095800.0
2022-04-12,6.0,76.0,0.02378,12.460000038146973,26226500.0
2022-04-13,10.0,49.0,0.10675,12.899999618530272,21152900.0
2022-04-14,9.0,46.0,0.12988,12.420000076293944,23284100.0
2022-04-15,1.0,170.0,0.0,,
2022-04-16,3.0,25.0,-0.2148,,
2022-04-17,8.0,13.0,0.18908,,
2022-04-18,20.0,16.0,0.23469,12.149999618530272,25395600.0
2022-04-19,19.0,25.0,0.13768,12.90999984741211,31753900.0
2022-04-20,20.0,29.0,0.18033,12.789999961853027,31528600.0
2022-04-21,15.0,40.0,0.11635,12.329999923706056,32009000.0
2022-04-22,17.0,30.0,0.09387,11.960000038146973,30386100.0
2022-04-23,3.0,50.0,0.07887,,
2022-04-24,14.0,15.0,0.1772,,
2022-04-25,15.0,32.0,0.04656,12.109999656677246,31727600.0
2022-04-26,31.0,22.0,-0.05295,11.119999885559082,38666500.0
2022-04-27,28.0,25.0,0.09969,10.5600004196167,54508500.0
2022-04-28,22.0,30.0,0.05802,10.949999809265137,40074500.0
2022-04-29,26.0,23.0,0.15688,10.399999618530272,30937500.0
2022-04-30,7.0,14.0,0.29454,,
2022-05-01,14.0,8.0,0.06839,,
2022-05-02,21.0,24.0,-0.17399,10.739999771118164,41193800.0
2022-05-03,10.0,47.0,0.08265,10.550000190734863,31372700.0
2022-05-04,25.0,27.0,0.00598,10.979999542236328,43239900.0
2022-05-05,34.0,22.0,0.13589,10.119999885559082,40523600.0
2022-05-06,47.0,9.0,0.18952,9.479999542236328,69691300.0
2022-05-07,12.0,6.0,0.14593,,
2022-05-08,29.0,6.0,0.08536,,
2022-05-09,286.0,3.0,0.06624,7.460000038146973,170871700.0
2022-05-10,78.0,10.0,-0.04129,7.289999961853027,86932400.0
2022-05-11,55.0,20.0,0.04577,6.710000038146973,72894900.0
2022-05-12,44.0,22.0,-0.02047,7.340000152587891,82147300.0
2022-05-13,25.0,20.0,0.06989,8.34000015258789,69242700.0
2022-05-14,6.0,21.0,0.4027,,
2022-05-15,1.0,255.0,0.567,,
2022-05-16,15.0,33.0,0.2982,8.039999961853027,46153200.0
2022-05-17,17.0,26.0,0.01665,8.359999656677246,38620800.0
2022-05-18,18.0,39.0,0.03746,8.010000228881836,29304600.0
2022-05-19,12.0,51.0,0.16774,8.3100004196167,35780900.0
2022-05-20,5.0,92.0,0.19058,8.079999923706055,40879100.0
2022-05-21,1.0,214.0,0.8014,,
2022-05-22,6.0,35.0,-0.04098,,
2022-05-23,18.0,30.0,-0.08179,8.010000228881836,27755200.0
2022-05-24,31.0,25.0,0.10714,7.550000190734863,47218700.0
2022-05-25,11.0,47.0,0.16039,7.960000038146973,35068900.0
2022-05-26,14.0,35.0,-0.03916,8.359999656677246,39738900.0
2022-05-27,9.0,40.0,-0.03457,8.850000381469727,37064000.0
2022-05-28,1.0,169.0,0.0,,
2022-05-29,0.0,0.0,0.0,,
2022-05-30,6.0,18.0,0.21948,,
2022-05-31,8.0,48.0,-0.10263,8.680000305175781,41672300.0
2022-06-01,9.0,38.0,0.15909,8.460000038146973,34438100.0
2022-06-02,36.0,12.0,-0.01782,9.300000190734863,41347000.0
2022-06-03,15.0,19.0,0.09686,8.9399995803833,36632300.0
2022-06-04,1.0,150.0,0.0,,
2022-06-05,1.0,245.0,0.0,,
2022-06-06,7.0,39.0,0.20387,8.979999542236328,35101100.0
2022-06-07,7.0,51.0,0.26024,9.130000114440918,28049400.0
2022-06-08,10.0,43.0,0.09447,9.18000030517578,29056300.0
2022-06-09,8.0,49.0,-0.17478,8.680000305175781,30527400.0
2022-06-10,9.0,41.0,-0.21107,8.260000228881836,30225800.0
2022-06-11,4.0,29.0,0.24393,,
2022-06-12,9.0,26.0,-0.0491,,
2022-06-13,10.0,54.0,-0.01777,7.639999866485596,40943000.0
2022-06-14,10.0,45.0,0.10301,7.820000171661377,30564100.0
2022-06-15,11.0,38.0,0.15641,8.119999885559082,38235300.0
2022-06-16,10.0,57.0,0.18632,7.670000076293945,36793500.0
2022-06-17,14.0,23.0,-0.029,8.239999771118164,45518000.0
2022-06-18,2.0,110.0,0.1909,,
2022-06-19,1.0,180.0,0.0,,
2022-06-20,3.0,60.0,-0.04467,,
2022-06-21,14.0,20.0,-0.07892,8.710000038146973,48887600.0
2022-06-22,18.0,20.0,-0.01857,9.010000228881836,43430600.0
2022-06-23,15.0,32.0,0.15445,9.460000038146973,44618000.0
2022-06-24,20.0,15.0,-0.05787,10.1899995803833,67826000.0
2022-06-25,0.0,0.0,0.0,,
2022-06-26,6.0,15.0,0.04858,,
2022-06-27,14.0,19.0,0.00476,9.619999885559082,44768000.0
2022-06-28,11.0,38.0,0.18294,9.3100004196167,45589000.0
2022-06-29,4.0,85.0,0.41163,9.229999542236328,40408700.0
2022-06-30,8.0,48.0,0.15487,9.06999969482422,33636400.0
2022-07-01,5.0,60.0,-0.14006,9.270000457763672,33504400.0
2022-07-02,4.0,21.0,-0.25855,,
2022-07-03,1.0,141.0,0.0,,
2022-07-04,5.0,23.0,0.2427,,
2022-07-05,16.0,21.0,0.04778,10.06999969482422,55854800.0
2022-07-06,7.0,47.0,-0.19287,9.800000190734863,54604300.0
2022-07-07,16.0,18.0,-0.05256,10.18000030517578,35672500.0
2022-07-08,3.0,93.0,-0.1181,10.170000076293944,36737100.0
2022-07-09,0.0,0.0,0.0,,
2022-07-10,3.0,55.0,-0.27543,,
2022-07-11,10.0,29.0,0.20076,9.5600004196167,34015100.0
2022-07-12,8.0,39.0,0.09536,9.489999771118164,42765800.0
2022-07-13,5.0,74.0,-0.28534,9.279999732971191,32461300.0
2022-07-14,12.0,34.0,0.07777,8.899999618530273,26702100.0
2022-07-15,15.0,18.0,-0.02165,9.039999961853027,34918100.0
2022-07-16,0.0,0.0,0.0,,
2022-07-17,7.0,17.0,-0.05373,,
2022-07-18,12.0,34.0,0.11443,9.029999732971191,32428400.0
2022-07-19,7.0,51.0,0.09087,9.34000015258789,29033800.0
2022-07-20,28.0,15.0,-0.03495,10.109999656677246,40845200.0
2022-07-21,45.0,11.0,0.09961,10.489999771118164,51691200.0
2022-07-22,14.0,20.0,0.15106,9.84000015258789,38915500.0
2022-07-23,0.0,0.0,0.0,,
2022-07-24,1.0,176.0,0.0258,,
2022-07-25,7.0,57.0,0.03036,9.68000030517578,21485000.0
2022-07-26,10.0,43.0,0.05226,9.399999618530272,21997800.0
2022-07-27,9.0,50.0,0.09993,10.020000457763672,29810900.0
2022-07-28,8.0,56.0,0.0729,10.130000114440918,27172900.0
2022-07-29,7.0,45.0,-0.20504,10.350000381469728,31106600.0
2022-07-30,6.0,12.0,0.0885,,
2022-07-31,3.0,52.0,0.02023,,
2022-08-01,10.0,44.0,-0.03164,10.470000267028809,31694700.0
2022-08-02,29.0,20.0,0.01195,10.920000076293944,40958800.0
2022-08-03,14.0,35.0,0.05254,11.199999809265137,35796500.0
2022-08-04,20.0,29.0,-0.0329,11.31999969482422,32093400.0
2022-08-05,35.0,13.0,0.04831,11.449999809265137,50264800.0
2022-08-06,13.0,5.0,0.01285,,
2022-08-07,33.0,5.0,0.17486,,
2022-08-08,198.0,5.0,-0.01892,9.81999969482422,125272600.0
2022-08-09,21.0,20.0,-0.15411,9.25,58788900.0
2022-08-10,11.0,47.0,0.06372,9.59000015258789,46054900.0
2022-08-11,10.0,54.0,-0.29567,9.420000076293944,44790900.0
2022-08-12,5.0,79.0,0.19808,9.90999984741211,30638200.0
2022-08-13,0.0,0.0,0.0,,
2022-08-14,2.0,110.0,-0.83915,,
2022-08-15,11.0,43.0,0.00945,9.90999984741211,33263400.0
2022-08-16,17.0,29.0,-0.06369,9.739999771118164,40603900.0
2022-08-17,16.0,28.0,0.14829,9.43000030517578,33933600.0
2022-08-18,13.0,36.0,0.14125,9.149999618530272,26365600.0
2022-08-19,15.0,29.0,0.30661,8.510000228881836,40560200.0
2022-08-20,3.0,45.0,-0.25263,,
2022-08-21,1.0,228.0,0.0,,
2022-08-22,10.0,37.0,0.19283,8.069999694824219,37824900.0
2022-08-23,12.0,31.0,0.02104,8.010000228881836,25658500.0
2022-08-24,14.0,23.0,0.09171,8.100000381469727,26576400.0
2022-08-25,6.0,63.0,-0.2467,8.420000076293945,25635600.0
2022-08-26,5.0,75.0,0.04,7.940000057220459,34150400.0
2022-08-27,0.0,0.0,0.0,,
2022-08-28,2.0,110.0,0.0,,
2022-08-29,12.0,22.0,0.11672,7.809999942779541,28566200.0
2022-08-30,11.0,31.0,0.08411,7.789999961853027,27189200.0
2022-08-31,9.0,47.0,0.08182,7.71999979019165,28691500.0
2022-09-01,11.0,36.0,0.21176,7.489999771118164,39079700.0
2022-09-02,2.0,153.0,0.07695,7.400000095367432,25965000.0
2022-09-03,2.0,56.0,-0.38855,,
2022-09-04,0.0,0.0,0.0,,
2022-09-05,1.0,240.0,0.0,,
2022-09-06,5.0,73.0,-0.37258,7.28000020980835,30429400.0
2022-09-07,6.0,60.0,0.13152,7.389999866485596,30330000.0
2022-09-08,4.0,90.0,-0.3484,7.53000020980835,26303600.0
2022-09-09,4.0,75.0,-0.074,7.789999961853027,27822300.0
2022-09-10,0.0,0.0,0.0,,
2022-09-11,2.0,76.0,-0.3818,,
2022-09-12,6.0,47.0,-0.21673,8.010000228881836,30544800.0
2022-09-13,9.0,43.0,-0.22876,7.480000019073486,29770700.0
2022-09-14,3.0,109.0,0.17997,7.630000114440918,29422500.0
2022-09-15,9.0,42.0,-0.01246,8.010000228881836,51700600.0
2022-09-16,1.0,316.0,-0.25,7.78000020980835,42155500.0
2022-09-17,2.0,50.0,0.1806,,
2022-09-18,1.0,210.0,-0.5574,,
2022-09-19,10.0,28.0,0.14242,7.860000133514404,29238800.0
2022-09-20,6.0,47.0,0.54093,7.619999885559082,30349600.0
2022-09-21,11.0,35.0,0.19475,7.690000057220459,36814500.0
2022-09-22,17.0,21.0,0.1703,7.369999885559082,49138300.0
2022-09-23,4.0,105.0,-0.03192,7.400000095367432,34197300.0
2022-09-24,1.0,168.0,-0.8221,,
2022-09-25,1.0,219.0,0.1125,,
2022-09-26,5.0,69.0,0.03636,7.53000020980835,45429800.0
2022-09-27,10.0,36.0,-0.01414,7.630000114440918,31794700.0
2022-09-28,7.0,54.0,0.01131,7.940000057220459,31955900.0
2022-09-29,51.0,12.0,0.0551,8.079999923706055,57845800.0
2022-09-30,16.0,20.0,0.07728,8.130000114440918,47454800.0
2022-10-01,2.0,77.0,0.11845,,
2022-10-02,1.0,232.0,-0.9442,,
2022-10-03,4.0,87.0,0.22293,8.239999771118164,35524000.0
2022-10-04,6.0,61.0,0.29883,8.460000038146973,36313300.0
2022-10-05,1.0,343.0,0.1471,8.420000076293945,37790200.0
2022-10-06,6.0,62.0,0.20673,8.470000267028809,27653400.0
2022-10-07,7.0,50.0,-0.05966,8.149999618530273,29550500.0
2022-10-08,1.0,181.0,0.0,,
2022-10-09,0.0,0.0,0.0,,
2022-10-10,4.0,90.0,0.14588,8.0600004196167,26923300.0
2022-10-11,2.0,217.0,0.0386,8.039999961853027,40775800.0
2022-10-12,7.0,55.0,0.23266,8.069999694824219,30201600.0
2022-10-13,5.0,89.0,0.18456,8.079999923706055,36040900.0
2022-10-14,6.0,51.0,-0.3146,7.53000020980835,37430100.0
2022-10-15,7.0,14.0,0.06126,,
2022-10-16,3.0,44.0,-0.1341,,
2022-10-17,0.0,0.0,0.0,7.940000057220459,31751700.0
2022-10-18,4.0,97.0,0.16765,8.15999984741211,37120400.0
2022-10-19,7.0,53.0,0.01817,7.909999847412109,26594000.0
2022-10-20,5.0,70.0,0.19348,8.039999961853027,26689500.0
2022-10-21,3.0,95.0,0.31773,8.289999961853027,30705700.0
2022-10-22,0.0,0.0,0.0,,
2022-10-23,2.0,79.0,-0.05345,,
2022-10-24,2.0,177.0,0.68105,8.270000457763672,28062200.0
2022-10-25,2.0,178.0,0.0,8.65999984741211,31001500.0
2022-10-26,2.0,199.0,0.34175,8.569999694824219,33530900.0
2022-10-27,9.0,54.0,-0.18593,8.600000381469727,28940800.0
2022-10-28,4.0,84.0,0.0018,8.640000343322754,20697400.0
2022-10-29,0.0,0.0,0.0,,
2022-10-30,1.0,223.0,0.4215,,
2022-10-31,12.0,26.0,0.22342,8.789999961853027,31376100.0
2022-11-01,6.0,60.0,0.12225,8.649999618530273,29800000.0
2022-11-02,2.0,217.0,-0.3243,8.220000267028809,36042600.0
2022-11-03,6.0,86.0,0.01242,8.079999923706055,36419500.0
2022-11-04,20.0,20.0,-0.02123,7.929999828338623,64338900.0
2022-11-05,3.0,38.0,0.00293,,
2022-11-06,12.0,9.0,-0.10059,,
2022-11-07,69.0,5.0,0.05179,7.019999980926514,99332800.0
2022-11-08,9.0,47.0,-0.04969,7.210000038146973,56353900.0
2022-11-09,10.0,41.0,-0.02993,6.980000019073486,42517300.0
2022-11-10,12.0,39.0,0.01547,7.639999866485596,58579800.0
2022-11-11,3.0,112.0,0.2101,8.40999984741211,55324100.0
2022-11-12,0.0,0.0,0.0,,
2022-11-13,5.0,24.0,0.12484,,
2022-11-14,4.0,96.0,0.09493,8.100000381469727,37402700.0
2022-11-15,7.0,66.0,0.039,8.34000015258789,34454100.0
2022-11-16,6.0,75.0,-0.16682,8.0600004196167,28436000.0
2022-11-17,7.0,52.0,0.29894,7.619999885559082,33746500.0
2022-11-18,5.0,54.0,-0.02416,7.389999866485596,27245200.0
2022-11-19,2.0,57.0,0.36345,,
2022-11-20,7.0,8.0,-0.11429,,
2022-11-21,9.0,36.0,-0.16397,7.190000057220459,36605600.0
2022-11-22,5.0,60.0,-0.1833,7.21999979019165,27327800.0
2022-11-23,3.0,69.0,-0.13433,7.369999885559082,24182900.0
2022-11-24,2.0,46.0,0.0261,,
2022-11-25,2.0,94.0,0.1806,7.28000020980835,10824400.0
2022-11-26,1.0,127.0,-0.2462,,
2022-11-27,2.0,75.0,-0.7505,,
2022-11-28,5.0,57.0,0.07316,7.159999847412109,19438000.0
2022-11-29,3.0,100.0,0.40037,7.079999923706055,22150800.0
2022-11-30,4.0,102.0,-0.1742,7.5,32745700.0
2022-12-01,5.0,65.0,0.0344,7.860000133514404,34424400.0
2022-12-02,2.0,154.0,0.08895,7.659999847412109,18794000.0
2022-12-03,3.0,19.0,-0.1931,,
2022-12-04,1.0,172.0,0.0,,
2022-12-05,4.0,65.0,-0.1464,7.190000057220459,32158200.0
2022-12-06,7.0,55.0,0.16176,6.989999771118164,32868100.0
2022-12-07,8.0,37.0,0.27306,7.070000171661377,28351600.0
2022-12-08,4.0,76.0,-0.0247,7.119999885559082,23107700.0
2022-12-09,6.0,39.0,0.08492,7.110000133514404,23367300.0
2022-12-10,0.0,0.0,0.0,,
2022-12-11,2.0,76.0,-0.4693,,
2022-12-12,4.0,72.0,0.33855,7.289999961853027,22672400.0
2022-12-13,6.0,50.0,0.10278,7.5,41033800.0
2022-12-14,2.0,142.0,0.31245,7.349999904632568,22653800.0
2022-12-15,4.0,77.0,-0.22568,7.010000228881836,25417100.0
2022-12-16,4.0,60.0,0.25208,6.900000095367432,32655600.0
2022-12-17,3.0,18.0,0.36537,,
2022-12-18,2.0,62.0,-0.11315,,
2022-12-19,20.0,9.0,0.20065,6.349999904632568,41511600.0
2022-12-20,10.0,28.0,-0.05023,6.309999942779541,30215600.0
2022-12-21,20.0,8.0,0.15914,6.5,34408600.0
2022-12-22,11.0,27.0,0.04095,6.320000171661377,28066000.0
2022-12-23,5.0,37.0,-0.3321,6.289999961853027,20419000.0
2022-12-24,0.0,0.0,0.0,,
2022-12-25,0.0,0.0,0.0,,
2022-12-26,2.0,70.0,-0.1806,,
2022-12-27,9.0,29.0,0.13519,6.0,34573300.0
2022-12-28,16.0,12.0,0.13811,6.070000171661377,30096800.0
2022-12-29,1.0,231.0,0.5719,6.400000095367432,42694200.0
2022-12-30,6.0,33.0,0.08362,6.420000076293945,27830900.0
2022-12-31,2.0,43.0,0.1366,,
2023-01-01,0.0,0.0,0.0,,
2023-01-02,2.0,74.0,-0.20095,,
2023-01-03,6.0,41.0,0.1314,6.389999866485596,29969900.0
2023-01-04,5.0,67.0,-0.1152,6.579999923706055,31660500.0
2023-01-05,1.0,345.0,0.6739,6.320000171661377,34186000.0
2023-01-06,4.0,82.0,-0.12765,6.400000095367432,30596400.0
2023-01-07,1.0,136.0,-0.6369,,
2023-01-08,0.0,0.0,0.0,,
2023-01-09,2.0,154.0,-0.0234,6.5,31028900.0
2023-01-10,5.0,60.0,0.12448,6.699999809265137,28236600.0
2023-01-11,4.0,75.0,-0.1462,6.980000019073486,25936700.0
2023-01-12,8.0,50.0,-0.07901,7.010000228881836,30152500.0
2023-01-13,1.0,294.0,0.5859,6.960000038146973,20981000.0
2023-01-14,2.0,34.0,-0.125,,
2023-01-15,1.0,119.0,-0.1027,,
2023-01-16,1.0,189.0,-0.5145,,
2023-01-17,7.0,43.0,-0.03239,7.070000171661377,30910300.0
2023-01-18,6.0,56.0,0.3555,6.900000095367432,32743400.0
2023-01-19,5.0,52.0,0.31956,6.730000019073486,24841700.0
2023-01-20,8.0,30.0,0.15609,7.019999980926514,28751700.0
2023-01-21,1.0,164.0,0.4939,,
2023-01-22,3.0,42.0,0.15003,,
2023-01-23,5.0,61.0,0.09784,7.380000114440918,31633300.0
2023-01-24,29.0,12.0,-0.13796,7.019999980926514,22649500.0
2023-01-25,14.0,24.0,0.10731,7.21999979019165,37147900.0
2023-01-26,7.0,49.0,-0.29656,7.239999771118164,28005600.0
2023-01-27,7.0,48.0,0.15866,7.550000190734863,37555200.0
2023-01-28,1.0,135.0,0.6369,,
2023-01-29,3.0,52.0,0.70327,,
2023-01-30,6.0,64.0,-0.11453,7.369999885559082,28567800.0
2023-01-31,1.0,359.0,0.0,7.78000020980835,40984000.0
2023-02-01,7.0,70.0,-0.02954,8.199999809265137,50123700.0
2023-02-02,25.0,27.0,0.10417,8.989999771118164,71889700.0
2023-02-03,10.0,38.0,0.05398,8.40999984741211,64785500.0
2023-02-04,2.0,64.0,0.2202,,
2023-02-05,4.0,33.0,0.074,,
2023-02-06,3.0,126.0,0.1204,8.3100004196167,38845500.0
2023-02-07,9.0,48.0,-0.13681,8.329999923706055,42201800.0
2023-02-08,7.0,45.0,-0.08716,8.220000267028809,35105500.0
2023-02-09,8.0,44.0,0.21242,7.949999809265137,33366700.0
2023-02-10,13.0,15.0,0.00482,7.510000228881836,43042400.0
2023-02-11,10.0,7.0,0.27827,,
2023-02-12,0.0,0.0,0.0,,
2023-02-13,246.0,1.0,0.0408,7.610000133514404,87397100.0
2023-02-14,100.0,6.0,0.07261,9.220000267028809,216055200.0
2023-02-15,78.0,6.0,0.13849,10.109999656677246,153210400.0
2023-02-16,33.0,14.0,0.08631,9.710000038146973,88638800.0
2023-02-17,18.0,11.0,0.09589,9.199999809265137,62137800.0
2023-02-18,5.0,8.0,-0.00834,,
2023-02-19,3.0,32.0,-0.0369,,
2023-02-20,8.0,16.0,0.10535,,
2023-02-21,12.0,24.0,-0.00057,8.470000267028809,65226600.0
2023-02-22,11.0,30.0,0.11145,8.359999656677246,55346000.0
2023-02-23,23.0,15.0,0.0976,8.170000076293945,60015500.0
2023-02-24,12.0,19.0,0.10226,8.09000015258789,41518600.0
2023-02-25,2.0,47.0,-0.17575,,
2023-02-26,4.0,24.0,0.30993,,
2023-02-27,4.0,71.0,-0.5046,8.029999732971191,35270000.0
2023-02-28,14.0,23.0,0.17398,7.840000152587891,32937000.0
2023-03-01,7.0,48.0,0.03523,7.690000057220459,27939100.0
2023-03-02,6.0,54.0,0.01287,7.96999979019165,36538700.0
2023-03-03,13.0,13.0,-0.20697,8.329999923706055,43229100.0
2023-03-04,3.0,17.0,0.60277,,
2023-03-05,0.0,0.0,0.0,,
2023-03-06,0.0,0.0,0.0,8.279999732971191,28316200.0
2023-03-07,2.0,138.0,0.27055,8.279999732971191,26819600.0
2023-03-08,10.0,23.0,0.10188,8.130000114440918,38723600.0
2023-03-09,3.0,120.0,0.39447,7.690000057220459,29005900.0
2023-03-10,4.0,106.0,-0.03828,7.349999904632568,41953600.0
2023-03-11,1.0,192.0,0.4926,,
2023-03-12,4.0,57.0,0.23583,,
2023-03-13,20.0,24.0,0.11618,7.869999885559082,63183500.0
2023-03-14,1.0,277.0,0.0,7.889999866485596,33460100.0
2023-03-15,2.0,224.0,0.0381,7.900000095367432,28217400.0
2023-03-16,3.0,136.0,0.15203,7.980000019073486,20255400.0
2023-03-17,7.0,42.0,0.11163,7.880000114440918,20920800.0
2023-03-18,4.0,24.0,-0.04763,,
2023-03-19,1.0,241.0,0.0,,
2023-03-20,4.0,86.0,-0.0127,8.079999923706055,25497400.0
2023-03-21,4.0,69.0,0.30772,8.449999809265137,27104500.0
2023-03-22,6.0,57.0,0.13068,8.210000038146973,34151000.0
2023-03-23,7.0,46.0,0.08123,8.329999923706055,22662200.0
2023-03-24,7.0,38.0,-0.2082,8.199999809265137,17901200.0
2023-03-25,1.0,142.0,0.0,,
2023-03-26,0.0,0.0,0.0,,
2023-03-27,4.0,72.0,0.33528,8.039999961853027,20666800.0
2023-03-28,0.0,0.0,0.0,8.0,14860500.0
2023-03-29,0.0,0.0,0.0,8.220000267028809,15339700.0
2023-03-30,9.0,34.0,-0.35351,8.149999618530273,21001600.0
2023-03-31,7.0,39.0,-0.19209,8.449999809265137,26174800.0
2023-04-01,2.0,50.0,-0.4,,
2023-04-02,1.0,218.0,-0.6525,,
2023-04-03,2.0,169.0,0.0915,8.380000114440918,22512000.0
2023-04-04,2.0,163.0,-0.0129,8.350000381469727,23961200.0
2023-04-05,8.0,41.0,0.24124,7.980000019073486,54946900.0
2023-04-06,6.0,36.0,-0.13545,8.09000015258789,23488600.0
2023-04-07,1.0,162.0,-0.5859,,
2023-04-08,1.0,119.0,-0.3182,,
2023-04-09,3.0,32.0,0.4749,,
2023-04-10,3.0,88.0,0.13397,8.390000343322754,29184700.0
2023-04-11,5.0,63.0,0.26466,8.609999656677246,35617900.0
2023-04-12,2.0,161.0,-0.2787,8.329999923706055,28771300.0
2023-04-13,3.0,101.0,0.523,8.579999923706055,27983300.0
2023-04-14,9.0,23.0,0.00532,8.8100004196167,42364500.0
2023-04-15,1.0,139.0,0.3612,,
2023-04-16,0.0,0.0,0.0,,
2023-04-17,6.0,38.0,0.24352,8.800000190734863,26047500.0
2023-04-18,0.0,0.0,0.0,8.729999542236328,21185300.0
2023-04-19,0.0,0.0,0.0,8.489999771118164,18193700.0
2023-04-20,3.0,94.0,0.5303,8.149999618530273,23573000.0
2023-04-21,2.0,111.0,0.0,8.180000305175781,14896700.0
2023-04-22,1.0,112.0,0.7089,,
2023-04-23,1.0,147.0,-0.4939,,
2023-04-24,1.0,301.0,-0.2023,8.100000381469727,20439300.0
2023-04-25,2.0,166.0,0.0,7.739999771118164,21849100.0
2023-04-26,1.0,347.0,0.0,7.739999771118164,21396700.0
2023-04-27,2.0,162.0,-0.20085,7.820000171661377,21385500.0
2023-04-28,4.0,76.0,-0.22413,7.75,24924400.0
2023-04-29,1.0,140.0,0.4215,,
2023-04-30,1.0,172.0,0.0,,
2023-05-01,13.0,20.0,0.24304,7.78000020980835,19134200.0
2023-05-02,5.0,63.0,0.52002,7.590000152587891,38008000.0
2023-05-03,1.0,376.0,0.4118,7.559999942779541,24322400.0
2023-05-04,2.0,187.0,-0.23835,7.380000114440918,29989300.0
2023-05-05,3.0,99.0,0.36017,7.409999847412109,45601300.0
2023-05-06,1.0,108.0,0.0,,
2023-05-07,8.0,11.0,0.07855,,
2023-05-08,152.0,3.0,0.09125,7.739999771118164,105304000.0
2023-05-09,64.0,8.0,0.04825,9.550000190734863,223573300.0
2023-05-10,36.0,13.0,0.0554,9.9399995803833,149375000.0
2023-05-11,8.0,40.0,0.02959,9.880000114440918,73754100.0
2023-05-12,4.0,57.0,-0.24253,9.5,62031700.0
2023-05-13,1.0,108.0,0.6486,,
2023-05-14,4.0,17.0,0.32205,,
2023-05-15,4.0,72.0,0.0193,9.520000457763672,53555500.0
2023-05-16,7.0,42.0,0.44291,9.470000267028809,42311900.0
2023-05-17,12.0,23.0,0.143,10.25,63834500.0
2023-05-18,69.0,8.0,0.09449,11.739999771118164,171402300.0
2023-05-19,27.0,9.0,0.06884,11.710000038146973,148321300.0
2023-05-20,4.0,12.0,-0.08513,,
2023-05-21,13.0,7.0,0.1576,,
2023-05-22,37.0,10.0,0.0174,11.84000015258789,76377100.0
2023-05-23,116.0,5.0,0.08235,12.640000343322754,148701800.0
2023-05-24,87.0,7.0,0.05383,12.229999542236328,90496900.0
2023-05-25,77.0,7.0,0.11205,12.84000015258789,106557800.0
2023-05-26,36.0,10.0,0.05054,13.649999618530272,127311200.0
2023-05-27,5.0,14.0,-0.21242,,
2023-05-28,9.0,8.0,0.13219,,
2023-05-29,10.0,8.0,0.2877,,
2023-05-30,96.0,6.0,0.10101,14.710000038146973,159089300.0
2023-05-31,57.0,12.0,0.02816,14.710000038146973,130392200.0
2023-06-01,41.0,12.0,0.01836,14.539999961853027,126015100.0
2023-06-02,39.0,9.0,0.1036,14.520000457763672,79328400.0
2023-06-03,2.0,49.0,-0.4,,
2023-06-04,2.0,86.0,0.2202,,
2023-06-05,44.0,10.0,0.09072,15.239999771118164,109017800.0
2023-06-06,59.0,11.0,0.08277,15.460000038146973,74284300.0
2023-06-07,153.0,6.0,0.0621,14.6899995803833,227244100.0
2023-06-08,47.0,11.0,-0.00343,15.1899995803833,115591600.0
2023-06-09,30.0,15.0,0.09732,15.020000457763672,93983400.0
2023-06-10,7.0,9.0,0.39493,,
2023-06-11,18.0,5.0,0.14003,,
2023-06-12,42.0,11.0,0.09486,15.649999618530272,89900400.0
2023-06-13,39.0,12.0,0.18799,16.0,112765900.0
2023-06-14,31.0,19.0,0.12493,15.90999984741211,70871900.0
2023-06-15,64.0,14.0,0.16738,16.600000381469727,91200900.0
2023-06-16,112.0,5.0,0.07847,16.299999237060547,90473900.0
2023-06-17,0.0,0.0,0.0,,
2023-06-18,0.0,0.0,0.0,,
2023-06-19,11.0,9.0,0.19348,,
2023-06-20,32.0,13.0,0.06179,15.789999961853027,81335000.0
2023-06-21,24.0,12.0,-0.00758,14.640000343322754,97885000.0
2023-06-22,22.0,15.0,0.11579,14.050000190734863,103461000.0
2023-06-23,17.0,19.0,-0.05339,14.029999732971191,74640600.0
2023-06-24,3.0,34.0,-0.26667,,
2023-06-25,3.0,29.0,0.11333,,
2023-06-26,8.0,31.0,-0.06106,13.9399995803833,50679900.0
2023-06-27,13.0,22.0,0.01438,14.609999656677246,55410500.0
2023-06-28,6.0,49.0,-0.0504,15.279999732971191,66001000.0
2023-06-29,10.0,27.0,0.16035,15.199999809265137,46300900.0
2023-06-30,8.0,31.0,-0.233,15.329999923706056,42081000.0
2023-07-01,1.0,119.0,-0.8,,
2023-07-02,0.0,0.0,0.0,,
2023-07-03,3.0,41.0,-0.36513,15.520000457763672,26037400.0
2023-07-04,0.0,0.0,0.0,,
2023-07-05,9.0,25.0,0.13416,15.699999809265137,39179900.0
2023-07-06,6.0,40.0,-0.16017,15.130000114440918,56534000.0
2023-07-07,6.0,43.0,0.03353,15.34000015258789,48109800.0
2023-07-08,3.0,23.0,0.15087,,
2023-07-09,1.0,159.0,-0.5719,,
2023-07-10,17.0,20.0,0.06642,16.299999237060547,62823600.0
2023-07-11,18.0,21.0,0.09973,16.489999771118164,63236600.0
2023-07-12,17.0,24.0,0.28888,16.59000015258789,50079400.0
2023-07-13,17.0,29.0,-0.02989,16.739999771118164,58397800.0
2023-07-14,8.0,42.0,0.13515,16.399999618530273,45018700.0
2023-07-15,2.0,53.0,-0.4,,
2023-07-16,2.0,78.0,-0.1366,,
2023-07-17,26.0,18.0,0.0628,17.399999618530273,63505000.0
2023-07-18,37.0,16.0,0.01707,18.07999992370605,87365700.0
2023-07-19,33.0,17.0,0.18534,18.049999237060547,89044600.0
2023-07-20,5.0,71.0,0.0,17.1299991607666,62711600.0
2023-07-21,16.0,21.0,0.06418,16.43000030517578,63260300.0
2023-07-22,2.0,43.0,0.3062,,
2023-07-23,4.0,27.0,-0.17045,,
2023-07-24,5.0,59.0,0.21466,16.31999969482422,36133600.0
2023-07-25,3.0,116.0,-0.02413,16.549999237060547,36612900.0
2023-07-26,2.0,166.0,0.0,16.43000030517578,35804800.0
2023-07-27,4.0,101.0,0.228,16.149999618530273,50685200.0
2023-07-28,75.0,6.0,0.05113,17.809999465942383,106125600.0
2023-07-29,7.0,7.0,0.13354,,
2023-07-30,14.0,8.0,-0.06804,,
2023-07-31,207.0,2.0,0.08055,19.84000015258789,142173800.0
2023-08-01,83.0,6.0,0.03025,19.989999771118164,99336200.0
2023-08-02,34.0,15.0,-0.07452,18.96999931335449,98215800.0
2023-08-03,28.0,20.0,-0.02782,18.709999084472656,54345900.0
2023-08-04,19.0,15.0,-0.04347,18.200000762939453,71979800.0
2023-08-05,9.0,3.0,0.08234,,
2023-08-06,16.0,4.0,0.09436,,
2023-08-07,319.0,1.0,0.02957,17.989999771118164,133808400.0
2023-08-08,102.0,5.0,-0.00141,17.040000915527344,143014200.0
2023-08-09,65.0,8.0,0.01364,15.25,126230400.0
2023-08-10,14.0,18.0,-0.02212,15.40999984741211,73129100.0
2023-08-11,19.0,12.0,-0.11905,15.40999984741211,56489900.0
2023-08-12,1.0,111.0,-0.8,,
2023-08-13,2.0,62.0,0.2202,,
2023-08-14,7.0,28.0,0.27587,15.720000267028809,47511400.0
2023-08-15,7.0,34.0,0.00121,15.369999885559082,44000400.0
2023-08-16,14.0,15.0,-0.07231,15.449999809265137,40394600.0
2023-08-17,25.0,13.0,-0.04966,14.149999618530272,91086700.0
2023-08-18,12.0,18.0,0.09353,14.399999618530272,70047000.0
2023-08-19,0.0,0.0,0.0,,
2023-08-20,0.0,0.0,0.0,,
2023-08-21,4.0,49.0,0.2162,14.5,43206200.0
2023-08-22,5.0,56.0,-0.13088,14.670000076293944,52106900.0
2023-08-23,19.0,18.0,0.20813,15.300000190734863,53523300.0
2023-08-24,18.0,16.0,0.01232,14.140000343322754,93586200.0
2023-08-25,3.0,71.0,0.15337,14.529999732971191,55668900.0
2023-08-26,0.0,0.0,0.0,,
2023-08-27,0.0,0.0,0.0,,
2023-08-28,6.0,38.0,-0.10103,14.640000343322754,35964700.0
2023-08-29,5.0,53.0,0.356,15.399999618530272,47213200.0
2023-08-30,17.0,16.0,0.12169,16.329999923706055,65674100.0
2023-08-31,30.0,11.0,-0.18651,14.979999542236328,101517200.0
2023-09-01,2.0,112.0,-0.26955,15.18000030517578,45107800.0
2023-09-02,1.0,99.0,0.0,,
2023-09-03,0.0,0.0,0.0,,
2023-09-04,0.0,0.0,0.0,,
2023-09-05,1.0,241.0,-0.3802,15.210000038146973,33818400.0
2023-09-06,2.0,120.0,-0.05775,15.300000190734863,38738100.0
2023-09-07,9.0,25.0,0.07192,15.210000038146973,51798800.0
2023-09-08,5.0,33.0,0.39218,15.130000114440918,33862000.0
2023-09-09,1.0,111.0,0.3434,,
2023-09-10,0.0,0.0,0.0,,
2023-09-11,6.0,45.0,0.25953,15.789999961853027,55294700.0
2023-09-12,3.0,87.0,0.35987,15.59000015258789,39497900.0
2023-09-13,4.0,66.0,0.11093,15.600000381469728,34354400.0
2023-09-14,9.0,33.0,0.09884,15.829999923706056,38572500.0
2023-09-15,3.0,80.0,0.0,15.329999923706056,56161900.0
2023-09-16,0.0,0.0,0.0,,
2023-09-17,2.0,53.0,0.38885,,
2023-09-18,5.0,46.0,0.06712,15.460000038146973,37404100.0
2023-09-19,1.0,239.0,-0.8,15.149999618530272,37804800.0
2023-09-20,6.0,47.0,0.1474,14.739999771118164,37640500.0
2023-09-21,6.0,49.0,0.21418,14.0,72831500.0
2023-09-22,6.0,28.0,0.1792,14.130000114440918,47714500.0
2023-09-23,0.0,0.0,0.0,,
2023-09-24,1.0,128.0,0.128,,
2023-09-25,2.0,116.0,0.21075,14.220000267028809,39693900.0
2023-09-26,6.0,43.0,0.10957,13.960000038146973,37276200.0
2023-09-27,10.0,27.0,0.10642,14.850000381469728,62780600.0
2023-09-28,12.0,17.0,-0.05419,15.770000457763672,66590800.0
2023-09-29,13.0,14.0,0.04193,16.0,77919600.0
2023-09-30,0.0,0.0,0.0,,
2023-10-01,2.0,54.0,-0.17535,,
2023-10-02,6.0,36.0,-0.02002,15.880000114440918,41043900.0
2023-10-03,4.0,65.0,-0.06713,14.899999618530272,51578100.0
2023-10-04,3.0,66.0,0.10607,15.729999542236328,52786200.0
2023-10-05,4.0,52.0,0.16705,15.8100004196167,49648100.0
2023-10-06,5.0,43.0,0.05772,16.610000610351562,65511400.0
2023-10-07,1.0,128.0,-0.1471,,
2023-10-08,12.0,9.0,0.05845,,
2023-10-09,34.0,7.0,0.05349,17.610000610351562,106161200.0
2023-10-10,49.0,5.0,-0.0143,17.799999237060547,99971500.0
2023-10-11,33.0,7.0,-0.05521,17.920000076293945,55745600.0
2023-10-12,10.0,24.0,-0.1341,17.940000534057617,57940900.0
2023-10-13,3.0,65.0,-0.20353,17.360000610351562,54541600.0
2023-10-14,5.0,7.0,0.10212,,
2023-10-15,0.0,0.0,0.0,,
2023-10-16,6.0,25.0,-0.11723,17.360000610351562,44987300.0
2023-10-17,6.0,31.0,-0.30278,17.84000015258789,54401300.0
2023-10-18,6.0,36.0,0.0,17.200000762939453,44208300.0
2023-10-19,2.0,123.0,0.125,17.059999465942383,46303200.0
2023-10-20,9.0,21.0,0.10093,16.110000610351562,63738300.0
2023-10-21,1.0,88.0,-0.1027,,
2023-10-22,3.0,22.0,0.27333,,
2023-10-23,4.0,66.0,0.3677,16.200000762939453,55967200.0
2023-10-24,4.0,61.0,0.19805,16.639999389648438,39833800.0
2023-10-25,3.0,101.0,0.44883,15.59000015258789,46706500.0
2023-10-26,4.0,68.0,0.07793,15.289999961853027,49351800.0
2023-10-27,6.0,31.0,0.3036,15.06999969482422,39913600.0
2023-10-28,0.0,0.0,0.0,,
2023-10-29,4.0,19.0,0.14377,,
2023-10-30,9.0,22.0,0.22846,14.6899995803833,46886400.0
2023-10-31,2.0,104.0,0.56065,14.800000190734863,40195400.0
2023-11-01,21.0,13.0,-0.04215,14.920000076293944,54419100.0
2023-11-02,77.0,5.0,0.19558,17.969999313354492,170406800.0
2023-11-03,11.0,17.0,0.12625,18.88999938964844,109039500.0
2023-11-04,1.0,84.0,0.765,,
2023-11-05,1.0,129.0,0.0,,
2023-11-06,13.0,12.0,-0.13768,18.540000915527344,79952600.0
2023-11-07,6.0,39.0,0.0455,18.799999237060547,56289100.0
2023-11-08,6.0,35.0,0.01818,18.489999771118164,46063100.0
2023-11-09,5.0,41.0,-0.11,18.270000457763672,48454200.0
2023-11-10,15.0,12.0,0.04849,19.670000076293945,92748000.0
2023-11-11,0.0,0.0,0.0,,
2023-11-12,1.0,115.0,-0.34,,
2023-11-13,6.0,27.0,-0.00962,19.709999084472656,74877500.0
2023-11-14,29.0,10.0,0.1018,19.940000534057617,83230500.0
2023-11-15,15.0,22.0,-0.05788,19.950000762939453,75533500.0
2023-11-16,11.0,24.0,0.17408,19.770000457763672,49942800.0
2023-11-17,19.0,10.0,-0.03576,20.489999771118164,69497400.0
2023-11-18,2.0,32.0,-0.4,,
2023-11-19,2.0,50.0,0.26335,,
2023-11-20,29.0,7.0,0.24219,21.34000015258789,90270000.0
2023-11-21,21.0,9.0,0.05219,19.799999237060547,106643300.0
2023-11-22,18.0,11.0,-0.08981,19.690000534057617,68326000.0
2023-11-23,2.0,23.0,-0.36595,,
2023-11-24,7.0,11.0,0.01329,19.200000762939453,39800400.0
2023-11-25,2.0,22.0,0.0,,
2023-11-26,4.0,16.0,0.0,,
2023-11-27,5.0,27.0,-0.07622,19.07999992370605,58808200.0
2023-11-28,9.0,21.0,-0.05801,19.709999084472656,54170700.0
2023-11-29,6.0,40.0,0.2523,19.84000015258789,62782100.0
2023-11-30,7.0,33.0,0.08361,20.049999237060547,55501000.0
2023-12-01,6.0,37.0,0.20282,20.270000457763672,61336000.0
2023-12-02,1.0,98.0,0.0,,
2023-12-03,2.0,68.0,-0.08755,,
2023-12-04,17.0,16.0,0.06154,18.399999618530277,104948500.0
2023-12-05,2.0,123.0,0.0,18.299999237060547,54460800.0
2023-12-06,18.0,16.0,0.05827,17.1299991607666,96111000.0
2023-12-07,10.0,22.0,0.20576,17.219999313354492,56455000.0
2023-12-08,3.0,71.0,-0.06337,17.770000457763672,57404600.0
2023-12-09,0.0,0.0,0.0,,
2023-12-10,1.0,123.0,0.7845,,
2023-12-11,2.0,117.0,0.20095,17.770000457763672,50929600.0
2023-12-12,6.0,31.0,0.17157,17.5,46231900.0
2023-12-13,7.0,48.0,0.0,17.8700008392334,52682600.0
2023-12-14,9.0,37.0,0.08306,18.209999084472656,67462800.0
2023-12-15,14.0,16.0,-0.05774,18.200000762939453,93004400.0
2023-12-16,2.0,27.0,-0.3548,,
2023-12-17,4.0,15.0,-0.02555,,
2023-12-18,15.0,17.0,-0.03114,17.84000015258789,60188100.0
2023-12-19,6.0,57.0,0.26353,17.950000762939453,43530300.0
2023-12-20,5.0,61.0,0.36588,17.25,58666900.0
2023-12-21,3.0,89.0,-0.15837,17.59000015258789,30493600.0
2023-12-22,5.0,43.0,-0.20296,17.40999984741211,33615000.0
2023-12-23,1.0,84.0,-0.644,,
2023-12-24,0.0,0.0,0.0,,
2023-12-25,0.0,0.0,0.0,,
2023-12-26,1.0,214.0,0.0,17.68000030517578,31750700.0
2023-12-27,4.0,53.0,-0.04448,17.469999313354492,32918400.0
2023-12-28,8.0,26.0,0.03808,17.559999465942383,38990000.0
2023-12-29,1.0,204.0,-0.5574,17.170000076293945,38805000.0
2023-12-30,0.0,0.0,0.0,,
2023-12-31,0.0,0.0,0.0,,
2024-01-01,0.0,0.0,0.0,,
2024-01-02,2.0,123.0,-0.0322,16.579999923706055,41626700.0
2024-01-03,3.0,92.0,0.2232,16.09000015258789,46865200.0
2024-01-04,3.0,80.0,0.36783,16.25,39937700.0
2024-01-05,9.0,23.0,0.1176,15.979999542236328,57628800.0
2024-01-06,0.0,0.0,0.0,,
2024-01-07,0.0,0.0,0.0,,
2024-01-08,2.0,135.0,0.0,16.670000076293945,49090000.0
2024-01-09,1.0,292.0,0.9271,16.389999389648438,35794500.0
2024-01-10,5.0,48.0,-0.29626,16.790000915527344,41254400.0
2024-01-11,3.0,96.0,0.004,16.68000030517578,39552400.0
2024-01-12,3.0,99.0,-0.27417,16.760000228881836,33861400.0
2024-01-13,0.0,0.0,0.0,,
2024-01-14,1.0,118.0,0.0,,
2024-01-15,2.0,75.0,0.42955,,
2024-01-16,3.0,78.0,0.10607,16.530000686645508,32659300.0
2024-01-17,4.0,53.0,-0.17163,16.389999389648438,30832800.0
2024-01-18,3.0,100.0,-0.26607,16.399999618530273,35239700.0
2024-01-19,4.0,70.0,0.15163,16.780000686645508,40538700.0
2024-01-20,0.0,0.0,0.0,,
2024-01-21,2.0,81.0,0.06785,,
2024-01-22,16.0,19.0,0.09769,17.600000381469727,85573900.0
2024-01-23,8.0,42.0,0.02829,17.329999923706055,37794300.0
2024-01-24,9.0,47.0,0.1018,16.75,42710700.0
2024-01-25,3.0,97.0,0.15733,16.459999084472656,44589000.0
2024-01-26,3.0,59.0,0.0,16.350000381469727,28612200.0
2024-01-27,0.0,0.0,0.0,,
2024-01-28,3.0,50.0,0.088,,
2024-01-29,11.0,35.0,0.18448,17.09000015258789,35987800.0
2024-01-30,2.0,170.0,0.29185,16.739999771118164,36388200.0
2024-01-31,3.0,87.0,0.13463,16.09000015258789,43582500.0
2024-02-01,10.0,37.0,0.16324,16.329999923706055,40454400.0
2024-02-02,41.0,12.0,0.05741,17.020000457763672,56983900.0
2024-02-03,10.0,6.0,0.07819,,
2024-02-04,44.0,5.0,-0.01651,,
2024-02-05,310.0,4.0,0.09861,16.719999313354492,167698300.0
2024-02-06,296.0,3.0,0.11522,21.8700008392334,420501900.0
2024-02-07,179.0,8.0,0.04384,23.600000381469727,254911100.0
2024-02-08,185.0,7.0,0.05172,24.51000022888184,212671100.0
2024-02-09,89.0,10.0,0.07405,24.3799991607666,149062000.0
2024-02-10,2.0,73.0,-0.3576,,
2024-02-11,7.0,32.0,-0.10217,,
2024-02-12,29.0,24.0,0.08054,25.049999237060547,108173000.0
2024-02-13,20.0,31.0,0.09466,24.01000022888184,102293300.0
2024-02-14,10.0,32.0,0.14993,25.190000534057617,97227900.0
2024-02-15,12.0,49.0,0.14333,25.40999984741211,70544300.0
2024-02-16,23.0,26.0,-0.051,24.440000534057617,65212100.0
2024-02-17,2.0,73.0,0.3945,,
2024-02-18,2.0,80.0,0.4134,,
2024-02-19,5.0,46.0,-0.45562,,
2024-02-20,14.0,37.0,0.17299,23.399999618530277,93374300.0
2024-02-21,37.0,18.0,0.18357,22.739999771118164,60411500.0
2024-02-22,9.0,62.0,0.24706,23.59000015258789,64458200.0
2024-02-23,4.0,99.0,0.20353,22.96999931335449,48840800.0
2024-02-24,1.0,175.0,0.0,,
2024-02-25,4.0,55.0,0.0,,
2024-02-26,8.0,68.0,0.13026,23.559999465942383,46499500.0
2024-02-27,38.0,29.0,-0.01747,24.530000686645508,64967400.0
2024-02-28,19.0,44.0,0.09244,24.420000076293945,47314000.0
2024-02-29,17.0,42.0,-0.03584,25.07999992370605,62753300.0
2024-03-01,38.0,21.0,0.0137,24.93000030517578,63090500.0
2024-03-02,9.0,18.0,-0.01354,,
2024-03-03,7.0,40.0,0.0275,,
2024-03-04,15.0,53.0,0.11995,24.040000915527344,64320000.0
2024-03-05,6.0,91.0,0.36627,23.809999465942383,49542300.0
2024-03-06,59.0,22.0,0.06452,26.15999984741211,207386900.0
2024-03-07,67.0,17.0,0.01868,26.459999084472656,117519300.0
2024-03-08,22.0,31.0,0.03993,26.040000915527344,83969300.0
2024-03-09,7.0,16.0,-0.01577,,
2024-03-10,17.0,11.0,-0.03439,,
2024-03-11,18.0,29.0,-0.00361,25.350000381469727,60829300.0
2024-03-12,41.0,20.0,0.08693,24.700000762939453,75202600.0
2024-03-13,50.0,19.0,0.03501,25.0,59713000.0
2024-03-14,24.0,28.0,0.10058,24.43000030517578,49214800.0
2024-03-15,13.0,29.0,0.23017,23.489999771118164,61270500.0
2024-03-16,2.0,69.0,-0.05135,,
2024-03-17,2.0,107.0,0.0,,
2024-03-18,8.0,55.0,0.19005,24.0,44083000.0
2024-03-19,7.0,56.0,-0.06023,23.799999237060547,43247200.0
2024-03-20,7.0,79.0,0.16537,24.56999969482422,40273800.0
2024-03-21,9.0,56.0,0.21289,24.489999771118164,37099600.0
2024-03-22,9.0,48.0,-0.16756,24.18000030517578,25354300.0
2024-03-23,1.0,168.0,0.7964,,
2024-03-24,5.0,44.0,-0.32342,,
2024-03-25,6.0,68.0,-0.06495,24.51000022888184,29255900.0
2024-03-26,5.0,97.0,0.0592,24.88999938964844,43610500.0
2024-03-27,5.0,108.0,-0.11148,24.51000022888184,38600100.0
2024-03-28,29.0,23.0,-4e-05,23.01000022888184,70008200.0
2024-03-29,7.0,23.0,-0.10217,,
2024-03-30,1.0,120.0,0.0,,
2024-03-31,9.0,26.0,0.11504,,
2024-04-01,11.0,48.0,0.08704,22.86000061035156,41000000.0
2024-04-02,11.0,49.0,-0.13442,22.71999931335449,39770600.0
2024-04-03,4.0,120.0,-0.1067,22.700000762939453,30357400.0
2024-04-04,30.0,20.0,-0.01549,22.479999542236328,64995300.0
2024-04-05,15.0,34.0,-0.07807,22.959999084472656,38565800.0
2024-04-06,1.0,152.0,0.0,,
2024-04-07,4.0,56.0,0.01048,,
2024-04-08,3.0,125.0,0.0341,23.0,25022700.0
2024-04-09,2.0,190.0,0.0,22.809999465942383,27724500.0
2024-04-10,7.0,67.0,-0.04587,22.420000076293945,28642900.0
2024-04-11,3.0,147.0,0.04267,22.84000015258789,26399400.0
2024-04-12,6.0,76.0,-0.35668,22.670000076293945,36348800.0
2024-04-13,8.0,17.0,0.09134,,
2024-04-14,8.0,33.0,-0.03373,,
2024-04-15,6.0,76.0,-0.03688,21.899999618530277,38182100.0
2024-04-16,3.0,116.0,0.3413,21.8799991607666,33869200.0
2024-04-17,0.0,0.0,0.0,21.309999465942383,30139800.0
2024-04-18,5.0,85.0,0.11438,21.1299991607666,34550500.0
2024-04-19,6.0,65.0,0.07025,20.46999931335449,39290300.0
2024-04-20,0.0,0.0,0.0,,
2024-04-21,0.0,0.0,0.0,,
2024-04-22,2.0,179.0,-0.2787,20.96999931335449,31894500.0
2024-04-23,10.0,47.0,-0.05875,21.63999938964844,36304600.0
2024-04-24,7.0,65.0,0.19301,21.59000015258789,34426500.0
2024-04-25,14.0,28.0,0.1339,21.709999084472656,26226700.0
2024-04-26,4.0,76.0,0.0854,22.520000457763672,33119800.0
2024-04-27,2.0,52.0,0.4297,,
2024-04-28,8.0,26.0,0.08745,,
2024-04-29,13.0,29.0,0.28022,22.82999992370605,30104900.0
2024-04-30,5.0,82.0,0.33116,21.96999931335449,30511900.0
2024-05-01,9.0,59.0,0.17318,22.1200008392334,34665900.0
2024-05-02,5.0,78.0,-0.14304,22.549999237060547,30396100.0
2024-05-03,49.0,10.0,0.11454,23.32999992370605,55976400.0
2024-05-04,15.0,5.0,0.00657,,
2024-05-05,57.0,1.0,0.08698,,
2024-05-06,578.0,1.0,0.03122,25.209999084472656,175936600.0
2024-05-07,154.0,4.0,-0.00318,21.399999618530277,161061600.0
2024-05-08,24.0,25.0,-0.12656,21.559999465942383,67582900.0
2024-05-09,22.0,20.0,0.08621,21.13999938964844,54101900.0
2024-05-10,20.0,15.0,-0.00806,20.600000381469727,59845400.0
2024-05-11,0.0,0.0,0.0,,
2024-05-12,3.0,43.0,-0.0301,,
2024-05-13,9.0,52.0,0.20958,20.940000534057617,37524800.0
2024-05-14,38.0,28.0,0.12899,21.440000534057617,57894400.0
2024-05-15,17.0,35.0,-0.17722,21.670000076293945,39424000.0
2024-05-16,14.0,39.0,-0.05785,21.649999618530277,27416700.0
2024-05-17,12.0,39.0,0.11926,21.76000022888184,30032300.0
2024-05-18,4.0,24.0,0.1421,,
2024-05-19,8.0,11.0,0.03655,,
2024-05-20,12.0,43.0,0.09677,21.6200008392334,35255300.0
2024-05-21,8.0,48.0,-0.04753,21.239999771118164,27954000.0
2024-05-22,8.0,64.0,-0.01564,21.170000076293945,25212500.0
2024-05-23,9.0,57.0,-0.43669,20.71999931335449,36887600.0
2024-05-24,6.0,54.0,0.05848,21.01000022888184,22073800.0
2024-05-25,3.0,30.0,-0.52783,,
2024-05-26,0.0,0.0,0.0,,
2024-05-27,2.0,86.0,0.2202,,
2024-05-28,2.0,163.0,0.3803,21.049999237060547,26274200.0
2024-05-29,13.0,28.0,0.12262,20.940000534057617,24834200.0
2024-05-30,39.0,21.0,0.18024,21.729999542236328,47583100.0
2024-05-31,5.0,71.0,0.03592,21.68000030517578,44416100.0
2024-06-01,2.0,53.0,0.3825,,
2024-06-02,3.0,71.0,-0.12653,,
2024-06-03,12.0,38.0,0.09781,21.31999969482422,33876100.0
2024-06-04,48.0,11.0,0.11237,22.100000381469727,41974000.0
2024-06-05,41.0,18.0,0.02164,22.959999084472656,39825400.0
2024-06-06,65.0,10.0,0.05696,23.790000915527344,60400400.0
2024-06-07,29.0,12.0,0.13713,23.309999465942383,37149900.0
2024-06-08,0.0,0.0,0.0,,
2024-06-09,4.0,32.0,0.1984,,
2024-06-10,8.0,42.0,-0.09053,23.1299991607666,31509300.0
2024-06-11,23.0,17.0,0.11345,23.850000381469727,30601900.0
2024-06-12,10.0,49.0,0.18319,23.770000457763672,38542700.0
2024-06-13,9.0,47.0,0.00936,23.270000457763672,26035100.0
2024-06-14,6.0,58.0,-0.20632,23.56999969482422,26618300.0
2024-06-15,0.0,0.0,0.0,,
2024-06-16,0.0,0.0,0.0,,
2024-06-17,22.0,23.0,0.07406,25.020000457763672,54101500.0
2024-06-18,24.0,24.0,0.04295,25.81999969482422,54458600.0
2024-06-19,11.0,22.0,0.00825,,
2024-06-20,15.0,35.0,0.11745,25.559999465942383,66735000.0
2024-06-21,24.0,20.0,0.13292,23.84000015258789,69981600.0
2024-06-22,1.0,121.0,0.0,,
2024-06-23,3.0,49.0,0.08893,,
2024-06-24,9.0,44.0,0.097,24.15999984741211,36477400.0
2024-06-25,7.0,59.0,0.2354,24.559999465942383,29657200.0
2024-06-26,8.0,53.0,0.06095,24.100000381469727,24331400.0
2024-06-27,16.0,30.0,0.08959,25.21999931335449,37882900.0
2024-06-28,5.0,58.0,0.17058,25.32999992370605,38886400.0
2024-06-29,0.0,0.0,0.0,,
2024-06-30,5.0,25.0,0.25288,,
2024-07-01,8.0,47.0,0.363,25.8799991607666,33167900.0
2024-07-02,12.0,26.0,0.04782,25.82999992370605,32148200.0
2024-07-03,7.0,46.0,0.15826,25.850000381469727,18433800.0
2024-07-04,2.0,82.0,0.0,,
2024-07-05,25.0,16.0,0.09443,27.229999542236328,46703700.0
2024-07-06,13.0,6.0,-0.00189,,
2024-07-07,12.0,16.0,0.31813,,
2024-07-08,30.0,18.0,0.09601,27.700000762939453,59611200.0
2024-07-09,19.0,24.0,0.10521,27.38999938964844,53067100.0
2024-07-10,33.0,16.0,0.03082,28.420000076293945,43231000.0
2024-07-11,13.0,43.0,0.09532,27.63999938964844,61546100.0
2024-07-12,7.0,63.0,-0.21991,28.06999969482422,30760300.0
2024-07-13,3.0,48.0,-0.7152,,
2024-07-14,5.0,39.0,0.27562,,
2024-07-15,33.0,18.0,0.26389,28.670000076293945,49186300.0
2024-07-16,19.0,26.0,-0.03414,28.670000076293945,59330700.0
2024-07-17,10.0,55.0,0.12076,28.21999931335449,45203500.0
2024-07-18,29.0,22.0,0.03744,28.63999938964844,76485600.0
2024-07-19,15.0,28.0,0.12988,28.57999992370605,49581600.0
2024-07-20,6.0,12.0,-0.14937,,
2024-07-21,2.0,87.0,0.41795,,
2024-07-22,7.0,61.0,0.14193,28.459999084472656,38037800.0
2024-07-23,17.0,27.0,0.02161,28.809999465942383,31134300.0
2024-07-24,12.0,44.0,0.16441,26.600000381469727,49004100.0
2024-07-25,6.0,77.0,0.11527,26.6299991607666,45474600.0
2024-07-26,3.0,105.0,0.09867,27.18000030517578,27432200.0
2024-07-27,3.0,36.0,-0.21163,,
2024-07-28,0.0,0.0,0.0,,
2024-07-29,4.0,81.0,-0.02853,27.07999992370605,26038800.0
2024-07-30,8.0,66.0,-0.02677,26.3700008392334,31819900.0
2024-07-31,6.0,78.0,0.10235,26.88999938964844,29111600.0
2024-08-01,4.0,133.0,0.1101,26.07999992370605,31189600.0
2024-08-02,13.0,39.0,-0.04207,24.739999771118164,56092600.0
2024-08-03,4.0,38.0,0.20153,,
2024-08-04,19.0,20.0,0.08713,,
2024-08-05,181.0,8.0,0.05253,24.09000015258789,88023500.0
2024-08-06,52.0,17.0,0.08628,26.59000015258789,99622700.0
2024-08-07,31.0,24.0,-0.0152,26.31999969482422,75975400.0
2024-08-08,61.0,14.0,-0.02762,29.280000686645508,96892900.0
2024-08-09,70.0,7.0,0.03268,30.01000022888184,88131100.0
2024-08-10,9.0,7.0,0.02746,,
2024-08-11,11.0,13.0,0.13337,,
2024-08-12,32.0,15.0,0.1585,29.3799991607666,67890300.0
2024-08-13,19.0,25.0,0.03232,30.38999938964844,57294200.0
2024-08-14,17.0,32.0,0.06638,31.0,49885600.0
2024-08-15,28.0,23.0,0.0084,31.21999931335449,43407600.0
2024-08-16,42.0,11.0,0.11983,32.08000183105469,64870600.0
2024-08-17,5.0,15.0,-0.10008,,
2024-08-18,14.0,9.0,0.07831,,
2024-08-19,26.0,22.0,0.12954,32.5,52353600.0
2024-08-20,23.0,21.0,-0.14081,32.31999969482422,40783000.0
2024-08-21,15.0,34.0,0.04611,32.540000915527344,38147600.0
2024-08-22,19.0,33.0,-0.09236,31.920000076293945,43522200.0
2024-08-23,9.0,51.0,0.16037,31.780000686645508,34121200.0
2024-08-24,4.0,20.0,-0.04617,,
2024-08-25,5.0,36.0,0.3011,,
2024-08-26,10.0,44.0,0.04883,30.850000381469727,35283600.0
2024-08-27,8.0,50.0,0.10976,30.84000015258789,23541300.0
2024-08-28,15.0,43.0,0.01587,30.36000061035156,33961400.0
2024-08-29,11.0,46.0,0.06786,31.0,39733000.0
2024-08-30,4.0,91.0,0.148,31.479999542236328,42388000.0
2024-08-31,0.0,0.0,0.0,,
2024-09-01,1.0,135.0,0.0,,
2024-09-02,0.0,0.0,0.0,,
2024-09-03,7.0,59.0,0.28859,30.51000022888184,34531600.0
2024-09-04,7.0,55.0,-0.07276,30.59000015258789,33419500.0
2024-09-05,3.0,109.0,-0.2384,30.15999984741211,24012300.0
2024-09-06,64.0,9.0,0.03671,30.32999992370605,50946800.0
2024-09-07,10.0,7.0,0.24079,,
2024-09-08,21.0,6.0,0.07735,,
2024-09-09,83.0,6.0,0.07571,34.599998474121094,140582500.0
2024-09-10,28.0,18.0,-0.00204,34.7599983215332,91721000.0
2024-09-11,11.0,35.0,-0.00341,34.849998474121094,68302300.0
2024-09-12,16.0,24.0,-0.05134,34.90999984741211,54391800.0
2024-09-13,18.0,19.0,0.04256,35.59000015258789,49727200.0
2024-09-14,3.0,20.0,0.16423,,
2024-09-15,18.0,5.0,0.13302,,
2024-09-16,36.0,9.0,0.03116,36.310001373291016,74767300.0
2024-09-17,24.0,15.0,0.07334,36.45000076293945,64461800.0
2024-09-18,6.0,66.0,0.03555,36.380001068115234,66279800.0
2024-09-19,28.0,16.0,0.06282,36.83000183105469,59882000.0
2024-09-20,22.0,19.0,0.10848,37.20000076293945,450290500.0
2024-09-21,1.0,132.0,0.4497,,
2024-09-22,4.0,27.0,0.13407,,
2024-09-23,17.0,22.0,-0.06936,37.95000076293945,79460700.0
2024-09-24,31.0,14.0,0.02503,36.900001525878906,79519200.0
2024-09-25,17.0,23.0,0.04338,37.119998931884766,46511700.0
2024-09-26,10.0,37.0,-0.26691,37.09999847412109,48602000.0
2024-09-27,5.0,58.0,0.39896,36.84000015258789,43219100.0
2024-09-28,3.0,26.0,0.1532,,
2024-09-29,5.0,26.0,0.00052,,
2024-09-30,7.0,44.0,-0.24469,37.20000076293945,42110200.0
2024-10-01,4.0,84.0,0.22788,36.459999084472656,52858000.0
2024-10-02,11.0,32.0,-0.01725,37.4900016784668,34988900.0
2024-10-03,72.0,6.0,-0.00221,39.2400016784668,57196400.0
2024-10-04,58.0,6.0,0.07413,40.0099983215332,62532500.0
2024-10-05,1.0,139.0,-0.7152,,
2024-10-06,6.0,20.0,-0.10585,,
2024-10-07,14.0,29.0,0.19617,38.88999938964844,44124800.0
2024-10-08,69.0,7.0,-0.04488,41.45000076293945,62542900.0
2024-10-09,85.0,4.0,0.02637,43.130001068115234,86404700.0
2024-10-10,37.0,10.0,0.06544,43.52000045776367,62516300.0
2024-10-11,61.0,6.0,-0.01082,43.5099983215332,66206900.0
2024-10-12,4.0,17.0,0.32805,,
2024-10-13,19.0,7.0,0.02291,,
2024-10-14,40.0,10.0,0.06917,43.400001525878906,41010900.0
2024-10-15,26.0,20.0,-0.01901,42.43000030517578,48297000.0
2024-10-16,22.0,26.0,-0.00676,41.93000030517578,59157900.0
2024-10-17,17.0,26.0,0.12729,42.0,34028400.0
2024-10-18,6.0,50.0,0.09878,42.970001220703125,33969000.0
2024-10-19,0.0,0.0,0.0,,
2024-10-20,6.0,18.0,-0.15182,,
2024-10-21,13.0,28.0,0.07512,42.70000076293945,30719800.0
2024-10-22,4.0,105.0,-0.11013,42.93999862670898,27830700.0
2024-10-23,15.0,30.0,0.02877,42.59000015258789,35647000.0
2024-10-24,9.0,38.0,0.01208,43.560001373291016,34079600.0
2024-10-25,19.0,15.0,0.16209,44.86000061035156,50416500.0
2024-10-26,1.0,108.0,0.6696,,
2024-10-27,8.0,15.0,-0.0188,,
2024-10-28,13.0,37.0,0.07282,44.970001220703125,36729700.0
2024-10-29,8.0,50.0,-0.09234,44.93000030517578,26154700.0
2024-10-30,24.0,28.0,-0.02208,43.68999862670898,31309200.0
2024-10-31,14.0,35.0,0.12217,41.560001373291016,50973400.0
2024-11-01,13.0,23.0,0.09415,41.91999816894531,33722500.0
2024-11-02,7.0,7.0,0.13939,,
2024-11-03,24.0,7.0,0.08968,,
2024-11-04,202.0,2.0,0.08004,41.40999984741211,75413300.0
2024-11-05,211.0,4.0,0.10116,51.130001068115234,208868200.0
2024-11-06,99.0,6.0,0.05272,55.52999877929688,114255900.0
2024-11-07,70.0,7.0,0.02644,55.880001068115234,121591200.0
2024-11-08,51.0,6.0,0.0475,58.38999938964844,84124000.0
2024-11-09,9.0,6.0,0.21454,,
2024-11-10,47.0,8.0,0.045,,
2024-11-11,78.0,10.0,0.12208,60.2400016784668,108357800.0
2024-11-12,32.0,21.0,0.18371,59.84999847412109,59061300.0
2024-11-13,67.0,15.0,0.03772,60.70000076293945,85937400.0
2024-11-14,58.0,12.0,0.07231,59.18000030517578,59968200.0
2024-11-15,173.0,7.0,0.03932,65.7699966430664,155280400.0
2024-11-16,19.0,6.0,-0.08473,,
2024-11-17,36.0,7.0,-0.03936,,
2024-11-18,137.0,5.0,0.05566,61.2599983215332,137877600.0
2024-11-19,79.0,12.0,-0.01916,62.97999954223633,75557800.0
2024-11-20,53.0,16.0,0.00454,62.119998931884766,59182200.0
2024-11-21,28.0,31.0,-0.15126,61.36000061035156,56336700.0
2024-11-22,38.0,14.0,-0.07042,64.3499984741211,61381700.0
2024-11-23,5.0,25.0,-0.22722,,
2024-11-24,16.0,12.0,0.13866,,
2024-11-25,51.0,17.0,0.0783,64.6500015258789,80640500.0
2024-11-26,29.0,24.0,0.03576,65.73999786376953,46923600.0
2024-11-27,19.0,27.0,0.21847,66.05000305175781,53839900.0
2024-11-28,5.0,28.0,0.18044,,
2024-11-29,12.0,31.0,0.04976,67.08000183105469,30104000.0
2024-11-30,8.0,14.0,-0.12815,,
2024-12-01,2.0,114.0,0.21075,,
2024-12-02,10.0,47.0,0.26032,66.38999938964844,46405000.0
2024-12-03,120.0,9.0,0.07254,70.95999908447266,100751400.0
2024-12-04,94.0,10.0,0.01316,69.8499984741211,86284800.0
2024-12-05,58.0,15.0,0.19976,71.87000274658203,66585800.0
2024-12-06,181.0,4.0,0.13287,76.33999633789062,93640900.0
2024-12-07,26.0,5.0,0.00835,,
2024-12-08,47.0,4.0,0.11737,,
2024-12-09,251.0,3.0,0.01182,72.45999908447266,168134800.0
2024-12-10,70.0,9.0,0.10631,70.88999938964844,89672500.0
2024-12-11,76.0,9.0,0.00463,72.51000213623047,89477700.0
2024-12-12,58.0,13.0,-0.00384,73.19999694824219,73859700.0
2024-12-13,132.0,9.0,0.05275,76.06999969482422,76172800.0
2024-12-14,17.0,7.0,0.33285,,
2024-12-15,53.0,5.0,0.12142,,
2024-12-16,163.0,7.0,0.02307,75.75,126099600.0
2024-12-17,58.0,12.0,0.0257,74.38999938964844,75469400.0
2024-12-18,63.0,17.0,0.16842,71.51000213623047,109643400.0
2024-12-19,49.0,12.0,0.06851,74.20999908447266,99524300.0
2024-12-20,73.0,8.0,0.01645,80.55000305175781,281230800.0
2024-12-21,13.0,8.0,0.19908,,
2024-12-22,34.0,8.0,0.17582,,
2024-12-23,45.0,11.0,0.07353,80.69000244140625,93819500.0
2024-12-24,51.0,8.0,0.05801,82.37999725341797,64983300.0
2024-12-25,13.0,17.0,0.04615,,
2024-12-26,27.0,23.0,0.11066,82.13999938964844,60377100.0
2024-12-27,21.0,20.0,0.06343,79.08000183105469,66975900.0
2024-12-28,3.0,40.0,-0.23027,,
2024-12-29,3.0,56.0,0.05863,,
2024-12-30,33.0,18.0,0.07276,77.18000030517578,60850900.0
2024-12-31,21.0,17.0,0.13446,75.62999725341797,56267900.0
2025-01-01,14.0,10.0,-0.12476,,
2025-01-02,22.0,25.0,0.21956,75.19000244140625,72217200.0
2025-01-03,27.0,19.0,0.06066,79.88999938964844,62415000.0
2025-01-04,1.0,124.0,0.9692,,
2025-01-05,6.0,35.0,-0.27015,,
2025-01-06,62.0,11.0,0.06411,75.91999816894531,105619500.0
2025-01-07,62.0,10.0,0.03222,69.98999786376953,91727300.0
2025-01-08,37.0,14.0,0.03682,68.2300033569336,91349500.0
2025-01-09,9.0,27.0,-0.1977,,
2025-01-10,23.0,20.0,-0.02406,67.26000213623047,78148600.0
2025-01-11,5.0,17.0,0.03142,,
2025-01-12,10.0,18.0,0.07465,,
2025-01-13,23.0,21.0,0.02123,64.9800033569336,69046300.0
2025-01-14,13.0,33.0,0.12642,65.91000366210938,56814900.0
2025-01-15,22.0,24.0,0.10701,68.13999938964844,56025800.0
2025-01-16,15.0,34.0,0.11081,69.23999786376953,62908700.0
2025-01-17,15.0,32.0,-0.14091,71.7699966430664,54754000.0
2025-01-18,4.0,28.0,-0.2836,,
2025-01-19,1.0,164.0,0.5643,,
2025-01-20,17.0,20.0,0.00117,,
2025-01-21,37.0,22.0,0.05744,73.06999969482422,56229000.0
2025-01-22,35.0,19.0,0.09982,76.87000274658203,66876400.0
2025-01-23,27.0,27.0,0.10613,78.9800033569336,55937900.0
2025-01-24,51.0,14.0,0.04539,78.9800033569336,77931900.0
2025-01-25,10.0,11.0,0.15868,,
2025-01-26,20.0,14.0,0.06789,,
2025-01-27,42.0,23.0,0.14124,75.44000244140625,76093300.0
2025-01-28,28.0,26.0,0.09477,80.2300033569336,65916700.0
2025-01-29,21.0,36.0,0.15573,79.76000213623047,49262200.0
2025-01-30,34.0,21.0,0.06781,81.22000122070312,46067500.0
2025-01-31,74.0,12.0,0.01857,82.48999786376953,79000200.0
2025-02-01,11.0,19.0,0.21851,,
2025-02-02,30.0,17.0,0.03021,,
2025-02-03,762.0,1.0,0.06334,83.73999786376953,126592700.0
2025-02-04,571.0,3.0,0.04988,103.83000183105467,230806800.0
2025-02-05,198.0,6.0,-0.01159,101.36000061035156,90628300.0
2025-02-06,545.0,2.0,0.01106,111.27999877929688,128217500.0
2025-02-07,473.0,3.0,-0.01506,110.8499984741211,143795400.0
2025-02-08,34.0,5.0,-0.02291,,
2025-02-09,48.0,7.0,0.006,,
2025-02-10,231.0,5.0,0.01738,116.6500015258789,99938100.0
2025-02-11,173.0,5.0,0.02052,112.62000274658205,94311700.0
2025-02-12,204.0,6.0,0.04995,117.38999938964844,75316900.0
2025-02-13,87.0,13.0,0.06646,117.91000366210938,60027000.0
2025-02-14,83.0,13.0,-0.01009,119.16000366210938,65528900.0
2025-02-15,22.0,6.0,-0.13918,,
2025-02-16,13.0,11.0,-0.094,,
2025-02-17,37.0,9.0,0.03848,,
2025-02-18,163.0,6.0,0.12026,124.62000274658205,84227200.0
2025-02-19,91.0,6.0,-0.03185,112.05999755859376,147487300.0
2025-02-20,0.0,0.0,0.0,106.2699966430664,243093900.0
2025-02-21,124.0,6.0,-0.01191,,
